County,% Fair or Poor Health,Average Number of Physically Unhealthy Days,Average Number of Mentally Unhealthy Days,% Smokers,% Physically Inactive,Violent Crime Rate,Income Ratio,% Children in Single-Parent Households,% Unemployed,% Vaccinated,% Uninsured,% Children in Poverty,Life Expectancy,Median Household Income,State
"Albany County, New York",13.497058286,3.3093060336,4.0898136175,16.586175241,19.7,348.21844179,4.8531129843,31.097647644,3.6489164401,55,4.1684259328,16.0,79.946936949,69408,New York
"Allegany County, New York",17.505069165,4.4226989715,4.6721960597,22.315666353,27.8,195.02941427,4.1666122639,22.661410612,5.4575381925,49,5.7091775924,26.8,77.910085673,49411,New York
"Bronx County, New York",29.319008629,4.7618415688,4.4621298085,18.156678722,29.9,586.05761611,6.7604473664,50.193234802,5.3599184844,40,8.693358803,36.5,80.885557114,41470,New York
"Broome County, New York",16.958985718,4.0995572496,4.6950637256,22.057009779,22.7,314.95458616,5.0194821088,26.66845278,4.7409040794,53,5.208532358,24.9,78.621136574,52179,New York
"Cattaraugus County, New York",19.624915864,4.6602979307,4.8485698033,23.808276191,28.5,197.20040087,4.5398591757,25.43366151,5.0525321686,47,6.4883465771,21.5,77.575538472,50783,New York
"Cayuga County, New York",17.378352529,4.1681850353,4.5758325231,22.65664425,25.1,241.44125779,4.1190612479,24.657264677,4.286270583,56,4.7691604449,20.5,79.796522026,58055,New York
"Chautauqua County, New York",17.939538653,4.2163068317,4.6993804223,23.680143445,27.0,271.38336813,4.9295737497,26.96977822,4.7186067828,53,5.5118432496,24.4,77.995285757,50143,New York
"Chemung County, New York",17.59972435,4.2691235821,4.5941192417,23.58428113,29.6,192.94740036,4.4708446631,24.045300361,4.2148547931,52,4.1218555273,20.3,76.489427692,58400,New York
"Chenango County, New York",17.617715797,4.3143207905,4.7528690558,22.913565062,24.2,183.39412319,4.4825174825,21.354799514,4.4474637681,50,4.9291830039,20.1,77.374403391,51894,New York
"Clinton County, New York",17.337230637,4.18196197,4.6107609834,21.875742361,27.5,157.25500595,4.3141124817,22.373419907,4.3578866178,51,5.0481638557,16.8,79.426273361,59069,New York
"Columbia County, New York",15.24541892,4.0167005863,4.1891300796,20.177388562,22.1,145.53647045,4.5053227472,22.855755221,3.2231166415,53,5.7819039986,15.4,79.889615747,71563,New York
"Cortland County, New York",16.850290083,4.1619116418,4.7392038847,21.52773221,25.3,89.542293116,4.1583897371,22.005906158,4.8921366998,53,4.3854840478,19.3,78.356780507,55143,New York
"Delaware County, New York",17.569154396,4.3866548832,4.8178965406,22.883929757,26.3,193.05876087,4.7676149018,28.106898368,4.7130825966,47,5.8421516755,19.1,79.156491784,51038,New York
"Dutchess County, New York",14.716894959,3.649747271,4.2839679345,15.67146022,20.3,203.66598778,4.8209464701,21.920525025,3.6094140517,53,5.1420120421,9.8,80.68547552,84564,New York
"Erie County, New York",16.652854089,4.0485574264,4.4749966908,18.774414029,23.7,427.52334492,5.0713060309,29.548994108,4.256375045,48,4.4202047826,19.3,78.679465462,60620,New York
"Essex County, New York",16.201176056,4.1348788461,3.9989420662,18.772894177,22.9,166.76003492,4.0427133718,18.935499917,4.736687261,55,4.4958775465,17.1,80.175045791,55091,New York
"Franklin County, New York",19.246351378,4.2223610073,4.5594462377,23.330822818,26.0,183.45743689,4.9705372617,27.968844831,4.9250535332,48,6.8346020761,25.1,79.176936814,48943,New York
"Fulton County, New York",18.7288923,4.6461176347,4.8448048446,24.037638762,27.5,204.07216734,4.2810710825,32.881011723,5.0273658192,51,5.0551579146,26.4,78.379635306,50061,New York
"Genesee County, New York",16.073207333,4.1694102738,4.5869582221,22.630276301,31.0,219.98742929,4.2284484445,20.789384144,3.9413505515,49,4.526758023,13.6,78.126013596,62570,New York
"Greene County, New York",17.498382015,4.3285372426,4.5038788715,23.419935021,25.9,225.00426548,4.8591477771,19.754996776,4.5039711904,46,5.5997667978,18.5,78.432396045,54746,New York
"Hamilton County, New York",16.707861597,4.1233833979,4.6541230024,21.240222785,20.7,74.286320705,4.0753706091,13.621794872,6.0072267389,53,6.2643489669,17.7,78.85186648,60148,New York
"Herkimer County, New York",16.750437619,4.2638593027,4.4686644014,24.939865673,26.5,210.88572002,4.156261792,17.969115583,4.9119289704,50,4.9130245028,19.0,79.440704908,55778,New York
"Jefferson County, New York",17.275205693,3.852645525,4.0957659003,20.235493937,25.1,212.6354006,4.0352212242,23.068724734,5.6234496256,54,4.7761062142,20.6,77.965395455,53829,New York
"Kings County, New York",18.733240098,3.910971885,4.249554538,15.268122754,24.0,586.18548775,6.8615050724,30.970904091,4.064482206,39,7.8499790704,24.7,82.947002907,66501,New York
"Lewis County, New York",17.406638138,4.1166028504,4.3048192659,21.868104239,28.2,131.55700495,3.5957720116,16.165904637,5.5393335623,55,5.0938212972,18.6,79.052740978,56599,New York
"Livingston County, New York",16.553101726,4.0806805092,4.5096769758,21.371860856,24.4,122.64985794,4.2228841495,22.416998672,4.240708195,51,4.5094428504,16.4,79.611246322,60268,New York
"Madison County, New York",14.212150742,3.4835712547,4.605941483,20.292388676,22.6,151.42316844,4.4026540212,17.542840546,4.4863578099,48,4.8473232727,13.2,81.497817079,61713,New York
"Monroe County, New York",15.988888886,3.7831354545,4.2786016913,18.03860166,20.7,326.25708471,4.9415428049,32.567702786,4.1652133956,53,4.2863748329,18.9,79.757057912,62159,New York
"Montgomery County, New York",20.395811266,4.4844853588,4.7363550319,22.632302035,29.4,142.33654011,4.7405281286,26.747585718,5.0793508473,49,5.3075084895,25.5,77.823550576,52092,New York
"Nassau County, New York",12.63438593,3.108624063,3.6703922895,12.074269951,20.4,143.66338688,4.4941938459,15.147443025,3.4446236362,55,4.6119262372,6.5,83.074313197,117767,New York
"New York County, New York",15.566019351,3.6125851108,4.0665616209,11.920397584,16.8,586.40744787,9.1468112726,35.153266149,3.5072035172,49,6.1409231214,17.3,85.270363235,93007,New York
"Niagara County, New York",17.620147936,4.2333647975,4.7259386725,22.594051992,27.8,394.56884814,4.7783892383,27.17691165,4.9592047456,46,4.4334417712,16.9,78.066950017,56371,New York
"Oneida County, New York",18.604369507,4.474678611,4.5150273173,20.598873074,24.8,283.32335058,4.6256872852,26.32152925,4.2809133142,50,4.9501517615,19.3,78.158236577,56516,New York
"Onondaga County, New York",15.223023429,3.8646588423,4.6901844834,17.194446583,21.3,317.56761816,4.9204513285,29.905632646,3.9329128674,55,4.7048264751,18.7,79.65149899,61597,New York
"Ontario County, New York",13.332827767,3.43984186,4.1980792375,18.095747542,21.4,153.29848006,4.1410672854,23.108715184,3.8871428055,54,4.2911164117,10.4,80.000361276,66754,New York
"Orange County, New York",17.193234773,3.8166876498,3.9832747549,17.225856154,26.4,244.91293757,4.781007874,17.537587947,3.8019298862,53,5.4292479648,18.0,80.462621437,83188,New York
"Orleans County, New York",20.50561742,4.8602585518,5.0012395145,24.565245737,32.3,171.85434443,4.0930498306,23.361218629,4.7076905562,47,5.2944389116,19.2,77.642862502,53115,New York
"Oswego County, New York",17.821843593,4.3014388761,4.9069211462,23.595182077,25.6,211.60494856,4.2943311582,25.37205953,5.4342900302,49,5.2796976357,25.0,77.92934474,57640,New York
"Otsego County, New York",15.516716662,4.1170309225,4.5246471474,20.145413075,22.6,148.05919077,4.5610436786,23.1964717,4.2195295795,53,5.533152021,18.6,79.647605759,52414,New York
"Putnam County, New York",13.366953794,3.2443284999,3.7446903252,14.834439413,19.4,48.435132991,3.8888796248,12.808080808,3.6970525083,54,4.2275419546,5.6,82.820434156,105600,New York
"Queens County, New York",18.585625094,3.7491317977,3.5559406878,14.098319841,27.9,597.78332448,4.880723022,25.597053702,3.4580572004,44,10.058587031,14.4,84.127336734,72975,New York
"Rensselaer County, New York",14.889810925,3.8118354069,4.4939585258,20.399437954,21.3,304.98581425,4.3945613311,22.895655547,3.7723982291,52,4.2438765474,15.1,79.213566097,70688,New York
"Richmond County, New York",16.793000469,3.8552334421,4.2131444964,18.595014438,25.5,597.89466553,5.4440554687,21.548034662,3.861568287,46,5.3072083318,13.9,80.980921851,86624,New York
"Rockland County, New York",16.244030413,3.6303482483,3.8539920681,14.500217236,24.0,121.34989065,5.2859675206,12.506478184,3.5635834241,54,5.3490895402,21.6,83.210665076,99831,New York
"St. Lawrence County, New York",19.315186562,4.5137269643,4.5816565624,21.640592714,28.4,145.99568116,4.946238159,21.509537033,5.5250150136,54,5.5104386375,27.1,78.910951624,51742,New York
"Saratoga County, New York",13.035191465,3.643902339,3.9831606526,17.683177618,18.2,102.61570308,3.9279935063,15.433403805,3.3819634223,56,4.068665403,7.2,81.279930141,89071,New York
"Schenectady County, New York",16.22309867,3.7309526184,4.3084013261,17.217160251,21.4,429.4926941,4.6392890552,27.439517942,3.8433208818,55,4.7702844098,19.6,79.090417844,64960,New York
"Schoharie County, New York",16.460529958,4.221350771,4.3691309485,22.419888717,25.5,89.526946012,4.3294094253,25.045570543,4.6662567466,52,5.2458448753,16.6,80.832733783,58927,New York
"Schuyler County, New York",16.937111251,4.072730495,4.4972950543,21.707875937,26.3,71.09458314,4.6600163848,15.335463259,4.6505875077,51,5.0972261939,22.3,78.758302215,52215,New York
"Seneca County, New York",18.676973493,4.2381528528,4.5509646229,23.69546927,29.9,201.35665834,4.1128569697,15.722713864,3.8247956573,56,5.5627987831,19.4,77.902720596,51064,New York
"Steuben County, New York",17.419975259,4.1478829204,4.6657620331,20.81819654,26.1,177.54082927,4.4041450777,20.621279047,4.5813734713,50,5.2202926727,21.8,78.761788755,53167,New York
"Suffolk County, New York",14.194481821,3.5428565248,3.997320131,14.831849246,21.7,124.03918075,4.3418242544,18.456103318,3.7067925309,55,4.9021541715,9.3,80.901138913,105241,New York
"Sullivan County, New York",19.774304328,4.5966618187,4.360244151,23.991878712,29.3,261.17121667,4.9102102753,22.655259823,3.9505633918,49,6.1663876063,26.2,78.267982676,58851,New York
"Tioga County, New York",15.359032371,3.9352094582,4.4770761768,21.31714833,25.0,115.22833404,4.3024430394,18.353997852,4.1477498127,50,4.5626686034,13.8,80.597569481,60699,New York
"Tompkins County, New York",13.450979461,3.5045989427,4.3998154352,16.610546011,14.6,122.75704654,5.5852005782,24.419709515,3.6344482486,54,4.7962648557,14.3,81.00621862,59176,New York
"Ulster County, New York",15.620532977,4.0321682343,4.4053100965,18.001976094,20.4,173.88207735,4.9649432341,22.796323482,3.7688728732,50,6.0165914501,16.1,80.199086129,64090,New York
"Warren County, New York",15.390733065,3.8840557633,4.2022777145,20.8282461,21.7,138.31258645,4.1169712419,23.16845147,4.5720310553,53,4.8672299942,15.0,79.120888151,63240,New York
"Washington County, New York",18.201145466,4.241959952,4.5993155561,24.539932752,26.0,141.08895017,3.9961403241,21.856338509,4.0709999641,50,5.3882080727,17.2,78.730189143,56897,New York
"Wayne County, New York",16.351121255,4.2557086959,4.5880502411,22.831096885,30.6,178.44338254,4.043413674,20.491676545,4.0264628721,51,4.8477767851,15.8,79.026822783,61989,New York
"Westchester County, New York",13.715787146,3.3173112915,3.6903568728,12.597320177,19.4,220.6061664,6.2650838152,20.878636359,3.762319822,54,5.8051074484,10.1,83.64539298,101741,New York
"Wyoming County, New York",17.616627894,4.3318842971,4.554449349,22.739390791,26.2,110.99591389,3.8562821735,19.675405743,4.3847553913,50,4.6452788179,12.6,79.182631759,58214,New York
"Yates County, New York",15.718342883,4.0400452689,4.5440641298,18.687168685,28.8,76.047149233,4.3711423821,14.504094631,3.7302725968,54,8.4326995381,26.2,77.654727898,60612,New York
"Appling County, Georgia",26.147770865,5.2961440352,5.1793702062,24.549106075,41.4,379.19826652,5.0357492056,24.437582708,3.879217709,30,18.718346951,31.0,75.09966001,43821,Georgia
"Atkinson County, Georgia",29.786710401,5.4454693259,5.1428541584,25.603802663,29.9,321.4327542718077,4.2872697278,41.730509238,3.0457933972,36,24.870466321,36.8,72.807363746,38581,Georgia
"Bacon County, Georgia",25.03729763,5.152440388,5.085538288,24.946271792,37.5,321.4327542718077,5.6518999427,30.292479109,3.5440998792,35,19.422222222,31.1,73.85865167,41807,Georgia
"Baker County, Georgia",23.607260263,4.6922040688,4.6917173391,21.905769263,26.2,321.4327542718077,6.2610531759,41.31097561,4.7291487532,28,17.125900805,39.8,79.571400904,39515,Georgia
"Baldwin County, Georgia",23.924020325,4.7176007733,4.7991567711,22.64608528,26.1,689.41443407,5.6889219235,45.086567164,4.2391866276,44,16.063285249,29.4,74.920124954,44429,Georgia
"Banks County, Georgia",21.713530458,4.6980199085,4.9778858134,23.474141639,35.9,194.75777002,4.450546563,16.149068323,2.7454242928,47,21.529963389,19.1,75.903065467,53481,Georgia
"Barrow County, Georgia",19.823362768,4.2526751878,4.4729799597,20.245236506,23.2,497.24463225,3.7325781827,22.763443453,2.817877925,49,17.806665627,13.5,76.357988321,68924,Georgia
"Bartow County, Georgia",19.773752944,4.3183850711,4.5872228485,21.365185705,29.9,467.95743699,4.2770542958,22.745909641,3.2727200776,51,17.256143991,16.1,76.678260084,60254,Georgia
"Ben Hill County, Georgia",26.262934855,5.2562519124,5.0794605736,23.8514354,41.1,361.24888902,4.8677199504,50.375410605,5.5160807779,36,15.736681774,32.0,73.00461051,35931,Georgia
"Berrien County, Georgia",24.589658994,5.1517809626,5.1529763756,25.489514458,28.5,224.23890677,4.9498118742,19.76744186,3.9871554723,40,20.394610817,28.6,74.273758871,42058,Georgia
"Bibb County, Georgia",22.888508478,4.5852706262,4.6284102311,20.530971451,30.8,500.68215496,6.2015852048,49.939712226,3.8986096383,44,16.029464783,36.4,74.168583866,43066,Georgia
"Bleckley County, Georgia",21.165886736,4.5528324171,4.7829571428,21.820170713,34.0,354.53849563,5.2880575879,40.590264469,5.0320017656,46,14.631029709,25.5,77.644078856,48115,Georgia
"Brantley County, Georgia",24.67292276,5.1813675143,5.4401714601,26.430256019,30.9,198.66648524,4.8587243318,20.148081669,4.0507026729,38,18.934378816,26.9,74.377853836,44680,Georgia
"Brooks County, Georgia",25.065967068,4.9921550884,5.0336286843,23.357974482,27.5,527.20513687,6.3535222439,35.635519443,3.3763222721,39,20.036160421,35.3,74.19200133,39554,Georgia
"Bryan County, Georgia",15.890238627,3.8137816668,4.0994037686,16.839657442,29.1,258.11051693,4.6795548783,24.528301887,2.9968281746,44,12.74839767,10.4,76.312656637,79296,Georgia
"Bulloch County, Georgia",21.526604842,4.6405597279,4.9108262678,20.088308462,20.3,184.83128043,5.1395113732,28.195141273,3.7493158183,50,15.917976542,21.4,77.498207153,48788,Georgia
"Burke County, Georgia",25.791404082,5.0922875473,5.0149340294,24.088734316,31.6,619.77068485,5.4,37.32562096,5.0797465589,32,14.039448798,36.3,73.955496175,42632,Georgia
"Butts County, Georgia",24.856533101,4.9869834458,4.9998333059,24.36151339,26.6,305.01461084,4.3957421038,30.66477503,3.3528918692,45,16.370287001,21.0,74.309823615,47410,Georgia
"Calhoun County, Georgia",31.027673043,5.4524068829,5.0048371447,27.294708488,40.2,1499.4326471,4.8220315717,34.28317008,3.6274070757,29,18.064338741,39.0,77.676042169,34960,Georgia
"Camden County, Georgia",17.745875719,3.9399981986,4.1606220888,19.193385696,28.8,319.79797265,4.1894805745,33.606621379,3.622598112,44,14.220018034,20.3,78.174079556,58552,Georgia
"Candler County, Georgia",28.072936954,5.3986784499,5.1707380648,25.61163393,28.1,321.4327542718077,5.9161994242,38.981173865,2.9740447008,33,22.039243167,34.3,74.541270046,41665,Georgia
"Carroll County, Georgia",21.034275953,4.4443775645,4.7722087407,20.768737893,35.0,311.38322472,4.3179941003,28.053230307,3.4142365513,45,15.20123776,21.8,75.252495412,59193,Georgia
"Catoosa County, Georgia",16.846445019,3.913473152,4.3918721526,19.180987652,26.5,260.12915715,4.0446650124,19.275381207,2.9805770206,50,13.938432129,15.2,78.325077641,60753,Georgia
"Charlton County, Georgia",25.76476604,5.0726200232,4.9154703937,24.840063538,34.2,189.43699326,4.4793082491,27.720820189,3.7826541275,39,18.389092576,38.2,76.676296918,42891,Georgia
"Chatham County, Georgia",19.233718798,3.8819219003,4.3463598438,17.371416158,23.5,448.04038988,4.7313470735,41.48626347,3.2973642567,48,16.494590444,21.6,78.190745182,57122,Georgia
"Chattahoochee County, Georgia",20.128276312,4.2443054865,4.303214506,18.930494206,27.7,321.4327542718077,4.2164460796,27.260579065,4.5568352529,33,10.437532947,23.5,79.029034433,46106,Georgia
"Chattooga County, Georgia",25.470732737,5.2502755629,5.3032336147,25.676546729,23.8,136.2176229,4.3862663686,23.547400612,4.967497817,44,17.552857442,22.8,73.548461589,41561,Georgia
"Cherokee County, Georgia",13.946277151,3.4514198119,3.9416240072,15.308578318,21.1,93.205610294,3.9328851842,14.620263457,2.721368931,51,14.063848933,8.3,80.281473967,88635,Georgia
"Clarke County, Georgia",21.310467602,4.4728410143,4.9091423627,18.513664294,21.7,404.78640757,6.2249948014,36.949245793,3.5518478408,53,18.200105463,27.3,79.005081332,41036,Georgia
"Clay County, Georgia",31.828632646,5.7979246245,5.5119543345,27.107171385,42.8,200.0,5.1266586248,60.892857143,6.9318181818,35,16.789035732,41.9,75.540071402,24732,Georgia
"Clayton County, Georgia",25.098092315,4.6066998503,4.5235945517,18.928142608,31.7,632.28407094,3.9056370868,45.062000378,4.2207320967,43,18.547576337,24.4,76.622749023,50737,Georgia
"Clinch County, Georgia",30.911676757,5.9437103756,5.7419783153,28.028505422,22.1,473.45036055,10.496364211,51.972157773,3.9186134137,33,17.923316823,30.6,72.562091614,42928,Georgia
"Cobb County, Georgia",14.250915701,3.28207782,3.9612516518,13.797273197,21.2,265.50774296,4.2691841281,24.329249941,2.9576613425,52,14.225309941,11.7,80.684108088,79622,Georgia
"Coffee County, Georgia",24.732592161,4.8984292701,4.9466326861,23.228385022,35.3,325.45888323,4.7268765728,30.328878779,3.8740791775,37,19.535852425,28.3,74.529472074,41675,Georgia
"Colquitt County, Georgia",27.460955679,5.0981723854,4.7532480548,23.482308007,36.1,321.4327542718077,5.2825761358,33.61048123,3.157599289,36,23.807480896,31.9,74.36854576,41899,Georgia
"Columbia County, Georgia",14.666863397,3.4511029929,3.8449437344,15.938055991,27.0,51.627486753,3.4741853422,15.2265625,3.0265924881,47,10.16089072,7.4,80.475498238,88285,Georgia
"Cook County, Georgia",23.807982766,4.8492544472,4.8362790103,23.577842447,39.5,301.80776693,5.364049909,30.937215651,3.3800701052,41,18.664298401,32.2,74.493338588,40670,Georgia
"Coweta County, Georgia",16.596168257,3.8804573926,3.9856484627,16.937902423,29.2,231.98486834,4.0582693324,24.560908912,2.9278494249,47,13.858821279,12.0,78.94401769,79232,Georgia
"Crawford County, Georgia",22.36017633,4.7015209824,4.8640702062,23.217966402,41.0,153.15275894,5.9694283293,33.320639756,3.5860838537,44,17.694722982,24.2,75.508586522,50411,Georgia
"Crisp County, Georgia",27.719305696,5.497349594,5.1628952963,25.296731372,36.9,288.19692734,6.0405898331,56.733576642,3.9011979222,41,16.47954866,43.9,75.172800596,40482,Georgia
"Dade County, Georgia",19.970749388,4.4331950188,4.8883195532,21.825729245,31.1,333.24161546,4.0852534562,22.804163956,3.2647094652,42,15.90309822,17.3,76.367404424,45986,Georgia
"Dawson County, Georgia",15.34035254,3.7267073482,4.0383979506,17.10031135,23.8,97.083189506,4.0103914203,16.780409474,2.8327922078,51,15.948405159,12.0,77.104648376,69155,Georgia
"Decatur County, Georgia",25.182471073,5.0015400514,4.734432183,22.656817591,29.1,678.61171206,5.0460094473,42.261538462,3.8041594454,35,18.38001801,35.6,74.266507804,40473,Georgia
"DeKalb County, Georgia",17.515990052,3.6760564894,4.1219397186,15.718021828,20.4,644.47770595,4.8761630731,35.527998761,3.4190217201,47,17.089752415,18.5,80.402244505,63606,Georgia
"Dodge County, Georgia",24.27194558,5.0359462878,4.8138363281,23.231700174,25.4,377.39698082,5.2284044715,37.860488045,5.380595961,43,15.214082456,28.3,76.342468033,41118,Georgia
"Dooly County, Georgia",26.017111473,4.8940381934,4.7326601376,24.183565859,30.9,155.11025405,5.3745896657,33.949856145,3.7665154802,37,17.281748244,41.5,79.516503427,37109,Georgia
"Dougherty County, Georgia",26.578321125,5.0277498839,5.024860504,22.424063549,35.1,940.76351189,5.4233641658,54.647913562,4.7433923866,41,16.70096316,39.5,74.441725155,36894,Georgia
"Douglas County, Georgia",18.993225668,3.7942604668,4.0907123218,17.829695011,25.0,306.02552474,4.0468982104,32.142474271,3.5196743926,45,14.934175302,16.6,77.839585406,62915,Georgia
"Early County, Georgia",27.234993374,5.2767402021,4.9509994259,23.924941661,28.1,776.9145394,5.7086107578,52.574525745,3.9112534309,33,13.911965282,40.8,73.039393215,40011,Georgia
"Echols County, Georgia",26.214964641,5.0600037135,4.8729379008,23.170767169,27.3,86.270643333,5.2945021425,17.707150965,2.776322682,41,25.102639296,31.0,83.581382765,40408,Georgia
"Effingham County, Georgia",16.758498712,3.8555372899,4.426561676,19.674660728,31.7,118.39756843,3.8571105146,19.024269133,2.8780472013,42,13.544278316,11.9,76.488185614,71628,Georgia
"Elbert County, Georgia",24.354851746,4.94714179,5.0238052574,23.148546288,39.2,358.8115336,4.9501918079,35.903556935,3.9958213633,33,18.006886773,29.5,75.09341708,40962,Georgia
"Emanuel County, Georgia",26.69444374,5.2871130758,5.1956378634,25.212711388,28.9,371.15828543,5.3194177969,42.283072546,5.3095209364,35,15.88211913,30.6,72.374631486,38529,Georgia
"Evans County, Georgia",26.874136727,5.2167756628,5.0573393217,23.841691884,25.5,160.33427267,6.0353661933,41.68743325,3.3730974907,45,17.782773308,36.0,75.961909902,41425,Georgia
"Fannin County, Georgia",18.089799267,4.3654290964,4.6016334707,20.296271589,30.4,124.32914068,4.2289178846,24.068835455,3.3009034051,48,19.233103448,22.7,77.484900578,47980,Georgia
"Fayette County, Georgia",12.638650316,3.0824544746,3.6119178553,12.728475424,20.2,73.496386428,4.0469756223,17.065445526,2.9818056394,52,10.7960508,7.1,81.147419707,94563,Georgia
"Floyd County, Georgia",21.970937582,4.6203384206,4.8274773688,21.161593726,32.8,338.34352002,4.7172374483,28.860310421,3.8261145343,50,17.191977077,24.1,75.155579137,50520,Georgia
"Forsyth County, Georgia",11.953622443,3.0114374116,3.5013056138,12.228497821,17.1,55.320108741,3.9241131843,10.400075545,2.7351813624,53,10.684941898,5.1,82.311960582,113332,Georgia
"Franklin County, Georgia",23.038643901,4.9446064675,4.9601364556,23.869852333,26.5,145.43482548,5.197941966,30.84807074,3.5204184269,52,19.153824601,25.7,73.855534844,47691,Georgia
"Fulton County, Georgia",14.798447711,3.2872388966,3.7119718744,13.287735617,20.6,763.18918796,5.9484575153,36.552436669,3.4740750583,50,13.674451238,21.8,79.624634916,79235,Georgia
"Gilmer County, Georgia",19.996144757,4.3933044605,4.5993434486,21.360131722,32.1,270.85404738,4.4122503575,29.872096937,3.5157238007,48,24.672603457,25.7,76.934230132,57007,Georgia
"Glascock County, Georgia",23.74100551,5.0563125856,5.2156410863,25.153593864,22.6,90.760573607,5.0596199663,48.755490483,3.6949685535,40,14.596145961,20.8,74.227802239,49350,Georgia
"Glynn County, Georgia",18.039118696,4.0192178032,4.387415423,18.563161232,30.2,479.35701285,5.2278018408,34.303702109,3.3193544288,46,17.643351291,25.9,77.437436268,58017,Georgia
"Gordon County, Georgia",22.961889195,4.7560406988,4.831813481,22.665294024,34.4,273.87728157,4.4323224301,27.57345095,3.3993422934,49,20.643609521,16.2,75.718635888,53373,Georgia
"Grady County, Georgia",24.367990057,4.9161794126,4.9842132319,22.959662466,36.7,193.56877617,5.3789911536,29.127320091,3.4070245957,42,20.798383022,29.1,76.32448775,42603,Georgia
"Greene County, Georgia",22.054498939,4.4860877691,4.659764454,20.395860981,36.1,252.28255646,5.9161611139,45.631067961,3.8516405136,52,19.729379355,27.6,78.34861511,60973,Georgia
"Gwinnett County, Georgia",16.665818714,3.5947282001,3.669155139,13.704543539,25.3,221.31215355,3.920193144,21.36027001,3.0081084945,48,18.061413441,13.1,81.221645461,72225,Georgia
"Habersham County, Georgia",21.135184896,4.6416399418,4.7431514408,21.175832466,25.3,181.4529934,4.6901296508,18.150924538,3.4506266716,47,20.022660585,20.0,77.639270142,51296,Georgia
"Hall County, Georgia",20.564977813,4.1309565209,4.2323891011,17.382023186,25.0,315.91284842,4.2323118204,22.602861022,2.7816697857,50,20.899820602,21.8,79.469913098,66698,Georgia
"Hancock County, Georgia",31.11028534,5.3833617756,4.9472712051,26.625823508,23.8,334.12887828,4.7369094866,73.894557823,5.5169595423,35,13.748553799,43.5,75.681611131,31715,Georgia
"Haralson County, Georgia",20.471623706,4.6771786095,4.9974482363,22.950353227,26.3,639.87446604,5.3283566397,26.58623137,3.312893207,37,15.712074303,20.2,74.381829679,49020,Georgia
"Harris County, Georgia",14.346758646,3.4472556607,4.0070572207,15.727186391,20.0,123.70378289,4.3022915499,18.167159366,3.0632470419,44,11.877160138,10.5,79.361516044,74052,Georgia
"Hart County, Georgia",23.077362692,4.7855396793,4.9980232807,23.53561545,26.0,347.00631832,4.712732337,20.302457467,3.5388834823,53,17.784522003,21.2,78.359466719,50647,Georgia
"Heard County, Georgia",21.461037636,4.6996989483,5.0069942887,23.214433829,28.6,195.76282246,4.1934580816,24.418604651,3.3346036585,42,14.931379631,24.7,75.793059804,48984,Georgia
"Henry County, Georgia",17.491626623,3.8626934518,3.9167054054,16.938898335,24.8,175.8040961,3.5135197397,29.442057158,3.5378154898,45,13.695557663,12.8,77.564353779,72927,Georgia
"Houston County, Georgia",18.779018724,3.9586076022,4.4103500427,18.19079475,26.9,361.57675303,4.4153151775,29.893763025,3.3264624351,39,12.003875825,16.0,77.334149502,65641,Georgia
"Irwin County, Georgia",25.547558428,5.1753785733,5.0505035246,24.685399546,31.2,258.30059732,5.0963290461,32.115009747,4.6875,41,14.866262746,29.2,73.43718528,42317,Georgia
"Jackson County, Georgia",17.314298536,4.0444504143,4.6879420089,19.625012774,31.9,222.39244854,4.1471323452,18.659010498,2.6507475765,52,15.464432638,12.3,77.314428608,66645,Georgia
"Jasper County, Georgia",23.881017311,5.0195341889,5.1581660868,24.44713619,27.9,411.58971433,4.129708845,28.324591176,3.0696065716,50,19.536510713,19.8,76.421863242,59207,Georgia
"Jeff Davis County, Georgia",26.041381022,5.261455532,5.1887969828,24.937921481,29.9,347.83772033,4.6520824032,40.249376559,4.6108081309,37,19.561007101,32.4,74.060988604,40603,Georgia
"Jefferson County, Georgia",27.035201826,5.2276810353,5.1602890071,23.994520841,29.8,508.22692332,5.6376657017,54.321322135,4.7474132684,26,18.219427437,35.6,72.804868911,35379,Georgia
"Jenkins County, Georgia",28.13417819,5.3886386257,5.0234846308,25.445054777,22.3,321.4327542718077,4.8055231427,49.745934959,5.0906776965,28,17.48496994,37.0,74.684862898,32808,Georgia
"Johnson County, Georgia",25.391411257,5.0803426855,4.9782065383,24.94028046,38.4,373.6521832,5.7479540609,35.2180937,3.6422200198,41,15.852885225,31.6,75.413986242,37771,Georgia
"Jones County, Georgia",20.001971719,4.4255346031,4.7082504367,20.352924955,30.1,98.922451864,4.3073517924,33.916031675,3.1688084112,50,14.023843097,17.0,78.33093768,56819,Georgia
"Lamar County, Georgia",21.393558047,4.4995687618,4.7744011798,21.892154761,29.3,495.52339659,5.5509764139,31.347150259,3.8629737609,47,15.169235003,21.4,74.710125004,57402,Georgia
"Lanier County, Georgia",22.959395001,4.6679301816,4.8384164978,22.733664775,38.9,383.38045718,7.182614671,28.314864348,3.9220917823,32,15.650145773,28.6,75.758657741,42667,Georgia
"Laurens County, Georgia",24.525154601,4.954550097,5.1037090413,24.032168203,37.3,358.92015678,5.8316990055,42.75102459,4.5606519695,44,15.786559806,31.4,74.111769032,42018,Georgia
"Lee County, Georgia",17.067101898,3.8179910182,4.2694726523,17.75996039,22.0,174.70099253,3.4767878427,20.496417605,3.0508935245,44,11.729103208,13.5,75.970301437,72425,Georgia
"Liberty County, Georgia",22.180102351,4.5776043338,4.5459232683,19.311280302,35.3,478.32962261,3.4618742724,34.628075253,3.7438687922,32,13.088907198,21.7,76.083875208,51410,Georgia
"Lincoln County, Georgia",21.738256195,4.6233347538,4.7955442468,22.237296574,29.9,417.64552336,5.9997255951,38.420703384,3.85481148,47,16.79312089,26.4,78.140732436,45299,Georgia
"Long County, Georgia",22.483232893,4.5738695259,4.7623994094,21.401952239,31.0,95.47611693,3.9234565836,28.408875403,3.6377043136,31,17.77551753,21.7,82.125858911,52051,Georgia
"Lowndes County, Georgia",21.890837413,4.417082336,4.7555518458,19.954685841,30.1,279.97415623,6.1633605601,35.527316172,3.5248143806,38,17.49011132,28.6,76.154317589,46450,Georgia
"Lumpkin County, Georgia",19.359068096,4.4070750644,4.8496753636,21.007896086,29.0,41.419081452,4.5075594939,17.717666948,3.1042526467,49,18.860977007,17.2,77.595977549,57078,Georgia
"McDuffie County, Georgia",25.120363936,5.0798699936,5.1394171368,23.416098939,36.0,154.1086466,5.0324278541,59.478935698,5.0835969272,51,14.578417266,29.4,73.347399744,44473,Georgia
"McIntosh County, Georgia",21.267859309,4.5300314293,4.7480681241,21.248615183,29.3,138.41362605,5.1747991913,22.02606137,3.5511593968,43,17.853696198,31.5,81.442449996,46682,Georgia
"Macon County, Georgia",29.647675326,5.3616676242,5.0380077581,25.248761348,42.6,310.55900621,5.2397848599,52.466718872,4.623907948,37,19.561304837,41.0,73.192431285,34634,Georgia
"Madison County, Georgia",20.521357825,4.5173500772,4.7343215062,22.037324767,29.7,191.18389727,4.3780812201,30.80936056,3.0492395724,49,18.679602072,25.1,76.419005,52326,Georgia
"Marion County, Georgia",24.071911381,4.7797909763,4.8713514481,22.915645328,33.6,57.10370032,4.2022638316,29.763866008,4.2360060514,40,16.557501904,32.4,76.563526112,41190,Georgia
"Meriwether County, Georgia",24.744326607,5.0647391289,5.0952622105,23.333733543,38.3,321.27913927,5.0231329338,44.054409829,4.5000561104,42,17.415388361,31.1,74.075406232,43571,Georgia
"Miller County, Georgia",22.328720923,4.7081111752,4.9338434555,22.528790134,30.2,188.21113868,5.2675043761,35.249621785,3.2739177883,35,16.80865761,31.3,71.28716421,41769,Georgia
"Mitchell County, Georgia",27.314467524,5.1889940518,5.1472376999,24.656962941,30.5,262.40298873,4.2157643793,45.673453406,4.558910598,38,17.710317704,42.3,73.211792846,37383,Georgia
"Monroe County, Georgia",18.858672691,4.1999237202,4.5605469209,19.919512558,37.2,178.27932879,6.4516390125,23.092224231,3.2397075798,46,14.286378429,15.6,77.755760379,70488,Georgia
"Montgomery County, Georgia",22.372239004,4.6598278282,4.7629865873,22.089320524,31.6,321.4327542718077,5.3644901326,29.641519529,5.2534804308,35,18.327402135,27.2,75.791389399,43657,Georgia
"Morgan County, Georgia",17.357975597,3.9306943788,4.3776068193,18.690192177,23.0,176.13903241,4.3492719819,19.347152728,3.1060606061,46,14.932852275,17.2,78.083585829,67089,Georgia
"Murray County, Georgia",23.778461256,5.0501288033,5.0453657643,23.586955155,31.9,447.67980114,3.7629545554,21.52538944,5.0306352789,49,21.326886919,20.8,76.043266793,50061,Georgia
"Muscogee County, Georgia",21.075335761,4.248895845,4.7579067579,19.361257905,27.2,566.92058711,5.3491237988,40.272216113,4.533488192,40,14.463284553,25.4,74.277825204,47035,Georgia
"Newton County, Georgia",21.607550745,4.3593169051,4.5688874816,19.55249975,31.4,396.49067627,4.3657793725,31.250219306,3.8507960228,49,15.957913665,17.5,76.3217472,58222,Georgia
"Oconee County, Georgia",11.737130678,3.0781802398,3.6843232444,13.333255978,24.1,114.12308386,3.9675158444,17.346737631,2.5422860072,55,11.028515358,6.6,81.367169096,100878,Georgia
"Oglethorpe County, Georgia",21.581684195,4.7525091623,4.8412291796,22.054484697,39.4,357.67815779,4.4891029142,24.835427887,3.2183576274,51,20.322847682,18.9,79.060662637,54346,Georgia
"Paulding County, Georgia",17.191653658,3.9317231418,4.1829829461,17.391660228,25.5,143.32230346,3.4627265654,20.21229024,2.9319335165,46,13.696140494,9.3,78.859805514,76580,Georgia
"Peach County, Georgia",22.591158348,4.644280463,4.6439904812,20.713919611,37.2,514.94270092,5.9070944877,34.792465992,4.0842212075,41,16.31713555,27.0,74.552979952,49815,Georgia
"Pickens County, Georgia",16.456685208,4.0172658044,4.4777499298,18.909033138,27.0,226.126595,4.0471757542,18.717586044,2.9795036343,52,15.977353036,17.8,77.518649332,66183,Georgia
"Pierce County, Georgia",21.517534233,4.662973571,4.7589020293,22.536797086,37.7,324.81990832,4.5734079698,30.767630539,3.3800873764,43,17.235537709,23.7,75.237715132,46701,Georgia
"Pike County, Georgia",17.406716915,4.1231549738,4.5217944603,20.147042018,27.3,93.262491522,3.8914176035,10.598648963,3.0115743342,42,13.947656099,12.0,76.036872854,74905,Georgia
"Polk County, Georgia",23.261456231,4.9112129212,4.8528561681,22.706947823,32.7,568.9745114,4.5067429709,30.75574421,3.6247219057,47,18.846285519,22.7,73.759376741,47896,Georgia
"Pulaski County, Georgia",24.771123954,5.0291245155,5.1557993603,23.415632281,35.4,632.25058005,5.2491582492,36.292428198,3.8499506417,38,15.608572584,27.6,78.985165296,42274,Georgia
"Putnam County, Georgia",20.513421311,4.554619518,4.5718597356,20.471785522,27.9,422.47274934,4.1570133964,38.793492996,4.3249847282,49,18.970804711,27.5,79.258942022,62282,Georgia
"Quitman County, Georgia",27.757255669,5.2917770658,5.1590606591,25.169293237,26.6,152.07473387,5.3840334148,54.625550661,5.0,38,19.315245478,36.0,70.930587021,35522,Georgia
"Rabun County, Georgia",20.5894707,4.5375319628,4.7143773093,21.339974129,23.1,125.9678014,4.3081490779,25.154939847,3.5234899329,46,22.005547617,20.9,78.728468161,46639,Georgia
"Randolph County, Georgia",31.233113305,5.7183998674,5.3578744871,26.462819129,23.5,253.48542459,3.4839237771,75.098591549,4.8278591215,29,16.351295763,37.5,75.747509533,33505,Georgia
"Richmond County, Georgia",24.531217587,4.9477229831,4.6210428872,21.480454305,28.6,428.73782558,5.1480177281,49.005584192,4.5166598108,39,15.995987139,34.4,74.103561692,44810,Georgia
"Rockdale County, Georgia",20.647833092,4.1195846137,4.2938593268,17.341954472,32.9,300.47839323,4.0254619834,38.137035378,3.7764519229,47,16.319225928,18.8,77.316196099,60281,Georgia
"Schley County, Georgia",21.8676921,4.6661692941,4.9492381048,21.79171502,22.5,155.0838422,5.4875749251,30.354267311,3.8636363636,43,15.813953488,23.3,81.084820513,51129,Georgia
"Screven County, Georgia",24.028973092,4.8466032662,4.8683451205,23.620547836,36.3,341.75334324,5.2252410698,43.875127248,5.4048742138,32,16.003700278,33.0,75.073531192,42331,Georgia
"Seminole County, Georgia",23.031034803,4.7112026151,5.0211832415,22.486048071,23.1,260.62322946,5.3460561543,44.880046811,4.4122489299,33,17.4190461,36.2,74.304827153,38618,Georgia
"Spalding County, Georgia",23.346670596,4.9047104076,4.801048007,22.161447981,35.9,584.59422283,4.1213216553,40.303693218,3.9930252833,45,17.297164182,29.0,74.652252957,49237,Georgia
"Stephens County, Georgia",20.217828063,4.5852995557,4.8180176666,21.010821585,30.1,275.95655152,4.8752620009,22.434450425,3.8558727188,49,16.697384807,23.2,73.020052375,45416,Georgia
"Stewart County, Georgia",34.30301521,5.6770534029,4.8346076526,25.080929485,36.9,22.914757104,5.5560983423,56.957087126,4.1736227045,44,18.060836502,36.4,74.123963896,34566,Georgia
"Sumter County, Georgia",25.520517337,4.9547890008,4.896717159,22.398843642,29.5,696.18169849,5.3045192992,44.159253318,4.8005675548,45,17.055043064,38.4,73.359142581,40250,Georgia
"Talbot County, Georgia",25.966467962,4.9781035287,4.9070508516,23.369230721,29.9,89.781260202,4.7836676218,54.503676471,4.4696700958,42,15.87470701,33.1,75.692458286,41045,Georgia
"Taliaferro County, Georgia",29.195644189,5.3507534832,5.1329206891,25.608190074,27.3,178.41213202,4.039696439,30.705394191,4.9382716049,36,18.782161235,35.3,76.29237176473411,37046,Georgia
"Tattnall County, Georgia",26.158240741,5.1733086533,4.9733972442,24.585921044,37.0,105.20999916,4.9195230202,38.589051658,3.8284518828,36,19.682632971,33.6,75.891607098,41457,Georgia
"Taylor County, Georgia",27.175238955,5.3482712164,5.2700491564,25.332623116,38.5,174.15325486,4.8301371831,37.975460123,4.0338321405,40,16.40262442,32.1,75.106961594,28234,Georgia
"Telfair County, Georgia",30.463208714,5.3673674186,5.0743230447,25.62740207,36.8,191.80642306,4.839883919,37.46257485,9.520331142,39,16.483068135,34.0,79.40731571,36264,Georgia
"Terrell County, Georgia",28.107518128,5.2822842889,5.1147638273,24.441283279,33.1,377.7987666,5.7839497558,51.233958539,5.0427350427,40,16.595419847,39.8,74.214835749,37122,Georgia
"Thomas County, Georgia",22.093634811,4.5873187486,4.5300440277,21.441241335,30.0,264.48665545,5.0027779207,37.510608204,4.0255009107,49,17.047846219,25.0,75.267978393,47978,Georgia
"Tift County, Georgia",23.485545351,4.9076201195,4.7748010574,21.579569036,33.7,564.85355649,4.8207236842,40.185240514,3.3567920612,50,19.73099666,31.0,74.967784288,47764,Georgia
"Toombs County, Georgia",25.518733689,5.0619233067,4.9753673119,23.563143313,35.7,424.61165177,5.8763377708,36.420964126,4.9420849421,36,18.695612763,29.7,74.544067686,41442,Georgia
"Towns County, Georgia",17.502413238,4.0584704244,4.5266170497,19.261716275,25.4,320.25259359,4.0814466752,27.171646977,4.8291805805,49,17.722280728,19.2,77.986097469,49023,Georgia
"Treutlen County, Georgia",24.158100007,4.981387787,4.869485232,23.981128554,30.2,122.16641781,5.566249272,30.034129693,5.2611657835,41,17.427466151,47.8,75.677810906,37478,Georgia
"Troup County, Georgia",21.98647934,4.5029885173,4.7595618591,21.700860365,31.3,332.15234721,5.9088142121,36.813346509,3.1819644006,42,14.270687237,27.3,75.731863485,47296,Georgia
"Turner County, Georgia",25.880324173,5.067108571,4.9642920694,23.878155602,40.0,1306.9770466,7.9224748416,46.169772257,3.8228735266,49,17.737054472,43.0,72.825085612,35400,Georgia
"Twiggs County, Georgia",27.304805838,5.2677021432,5.2292342017,25.522816882,30.3,222.03552568,5.9121880263,43.018159048,5.4204308548,40,17.613910803,30.4,72.354503183,44079,Georgia
"Union County, Georgia",17.19403812,4.0171271204,4.5358787355,18.949151133,27.1,165.39786116,4.6009745272,22.979397781,3.1243916683,50,18.829612814,19.4,79.694325856,57049,Georgia
"Upson County, Georgia",23.617947115,4.9127447316,5.0091498161,23.618760019,32.8,381.16549409,4.8597754967,34.673449294,3.5689045936,43,14.557595993,28.6,72.750472614,40926,Georgia
"Walker County, Georgia",20.569156404,4.5681106904,4.8348571558,22.910302473,35.5,555.5718863,4.5328125777,30.608730211,3.5589004401,47,14.753684362,20.1,75.448400928,47548,Georgia
"Walton County, Georgia",18.316535952,3.9761933759,4.4361141092,19.931783766,32.5,302.26098044,4.2948187879,27.102190739,3.0644845798,49,15.36414227,16.7,76.852982502,67007,Georgia
"Ware County, Georgia",23.881444844,4.9212272582,4.9286767001,23.186873048,37.1,500.01412469,5.1812662071,39.785586659,3.6579877853,43,15.645457889,41.9,73.704495416,37642,Georgia
"Warren County, Georgia",28.267419951,5.3097371866,5.0736769948,24.640242909,21.8,277.77777778,5.2572263465,58.529945554,4.5373980858,48,14.974874372,40.3,75.733672579,37313,Georgia
"Washington County, Georgia",26.005802626,4.9819185377,5.0203072923,23.522154508,36.8,264.31718062,5.212164871,49.163802978,4.1494367603,44,15.0016728,29.2,76.542300225,41674,Georgia
"Wayne County, Georgia",23.568395122,4.9164110517,4.9014112387,23.443649424,29.8,591.02051781,4.3428543043,28.375068046,3.9989476454,43,17.457362999,26.6,73.575480621,47382,Georgia
"Webster County, Georgia",26.121428024,5.1033518854,4.9881564122,24.33218782,20.1,131.2335958,6.7471389646,38.072669826,4.9652432969,48,15.770791075,28.4,80.262534661,41547,Georgia
"Wheeler County, Georgia",28.379802425,5.3955081922,4.8396212286,26.530755915,34.5,50.466818067,5.4726666096,37.12797619,7.4534161491,36,16.361038342,33.6,79.290860613,35927,Georgia
"White County, Georgia",17.638863405,4.1786995673,4.5745948991,20.017551465,22.7,173.3132903,3.555682816,24.056522488,2.6435509652,49,17.866226407,17.6,79.410090434,54786,Georgia
"Whitfield County, Georgia",26.451513412,4.7056618446,4.7080233001,20.50371977,33.3,263.3816444,3.9088274045,26.858943819,4.4233771004,49,22.138456458,17.6,78.119147358,53115,Georgia
"Wilcox County, Georgia",24.886554583,4.847473827,4.6941133064,24.100582397,40.6,257.63930497,5.4489913545,39.627179796,4.452690167,37,17.057609308,38.9,77.247019206,38261,Georgia
"Wilkes County, Georgia",25.915559297,5.0043323552,4.9232682007,23.67061375,29.5,308.07147258,5.0226173198,39.55365622,4.5252419566,43,19.610494996,31.2,75.507877581,39716,Georgia
"Wilkinson County, Georgia",24.751724691,4.9178635448,4.8891202724,24.09152119,29.5,179.28031758,5.1986585755,40.144927536,3.8140944683,42,14.921392476,29.4,75.010616534,43902,Georgia
"Worth County, Georgia",22.594239243,4.7349022184,4.7955373522,23.166143641,33.7,419.12152129,4.3371431374,43.389607542,3.8777115882,40,18.404491609,31.5,74.627370344,43142,Georgia
