"per_point_diff","X..Fair.or.Poor.Health","Average.Number.of.Physically.Unhealthy.Days","Average.Number.of.Mentally.Unhealthy.Days","X..Smokers","X..Physically.Inactive","X..Vaccinated","X..Uninsured","X..Children.in.Poverty","Life.Expectancy","Median.Household.Income","X..bachelor.degree","X..Households.with.a.broadband.Internet"
0.276874989184723,0.077990632518938,0.101582842271843,0.262647910739497,0.289653986919131,0.180851063829787,0.966666666666667,0.00474282845017698,0.255269320843091,0.628765037434635,0.480206373945289,0.640221402214022,0.825423728813559
0.728399307615312,0.255604360592232,0.481285875232726,0.522562016806898,0.6453438773533,0.468085106382979,0.766666666666667,0.0779934499179898,0.508196721311476,0.486722982830504,0.265265760197775,0.254612546125461,0.683050847457627
0.0446720751385652,0.779135332633102,0.596944479142973,0.428810595164918,0.387151687877842,0.542553191489362,0.466666666666667,0.219867792150254,0.73536299765808,0.694220742669673,0.179910786263234,0.239852398523985,0.693220338983051
0.456312124860693,0.231404846222405,0.371084087790948,0.532767731316068,0.629286338094107,0.287234042553192,0.9,0.0541917072255824,0.463700234192037,0.536308896194048,0.295018003976998,0.392988929889299,0.796610169491525
0.667892382572706,0.349544693221069,0.562314811527894,0.601276656156915,0.738005899051394,0.49290780141844,0.7,0.115036805998188,0.384074941451991,0.463392967354156,0.280012898371581,0.22140221402214,0.625423728813559
0.537817121674897,0.24998895314741,0.394488384233522,0.479555496249259,0.666511968629397,0.372340425531915,1,0.0333030289693913,0.360655737704918,0.61827568803648,0.358177030149944,0.285977859778598,0.761016949152542
0.605924142305742,0.274857737847792,0.410899474534732,0.534694249498358,0.730051349250223,0.439716312056738,0.9,0.0686117542002029,0.451990632318501,0.492664504004093,0.273133766861934,0.27859778597786,0.701694915254237
0.56465263343068,0.259798975027388,0.428911696128164,0.487716758975295,0.724100165165532,0.531914893617021,0.866666666666667,0.0025287720033589,0.355971896955504,0.387651842542207,0.361885311979363,0.298892988929889,0.772881355932204
0.628149294914187,0.260596260282238,0.444325407250865,0.558565934757964,0.68246175084987,0.340425531914894,0.8,0.0409108428715116,0.351288056206089,0.449366592186346,0.291954640726608,0.214022140221402,0.733898305084746
0.445002608352814,0.248166649574878,0.399186764933116,0.495143877487008,0.61803315927118,0.457446808510638,0.833333333333333,0.0465674464408256,0.274004683840749,0.592455991865871,0.36907615413554,0.291512915129151,0.76271186440678
0.371473689713349,0.155468678261869,0.342827283490242,0.306972305834556,0.512598441793471,0.265957446808511,0.9,0.0814510184483093,0.241217798594848,0.624767680631811,0.503369699575429,0.472324723247232,0.761016949152542
0.490965976821207,0.226588033708547,0.392348953976851,0.552467243462778,0.596428501883736,0.379432624113475,0.9,0.015062234383843,0.332552693208431,0.517873736324404,0.32687698178105,0.385608856088561,0.661016949152542
0.5968829423599,0.258444277233174,0.468993674355619,0.587587346388707,0.680621975173047,0.414893617021277,0.7,0.0843153215612865,0.327868852459016,0.573642478114059,0.282753802332456,0.285977859778598,0.698305084745763
0.416611921185073,0.132047306932484,0.217684324493878,0.349297922974673,0.232867986341078,0.202127659574468,0.9,0.0510291894703361,0.110070257611241,0.680267833571646,0.643112807008115,0.514760147601476,0.903389830508475
0.383979047908734,0.217838720393573,0.353691497187641,0.434553014524688,0.425501028049425,0.322695035460993,0.733333333333333,0.016712932201413,0.332552693208431,0.540376525083754,0.38574729940345,0.503690036900369,0.786440677966102
0.446150305983643,0.197822751936432,0.383129895576802,0.22209243325313,0.425406674819655,0.294326241134752,0.966666666666667,0.0203105768635652,0.281030444964871,0.644672457368936,0.326318052345891,0.363468634686347,0.733898305084746
0.492355425920755,0.332768728358572,0.4129641443913,0.472242386490287,0.708365336807724,0.404255319148936,0.733333333333333,0.131498531241426,0.468384074941452,0.575068234673638,0.260235395281346,0.22140221402214,0.66271186440678
0.679920150131324,0.309837693802128,0.557478871567975,0.599596375633356,0.752244850845529,0.457446808510638,0.833333333333333,0.0468999589244665,0.498829039812646,0.51946754076451,0.27225237813726,0.20479704797048,0.715254237288136
0.681842422921116,0.192151858654206,0.394906230223661,0.484520835003353,0.66487503217074,0.581560283687943,0.766666666666667,0.0217787006074231,0.199063231850117,0.501780953037124,0.406707153221906,0.280442804428044,0.776271186440678
0.578562830537492,0.255308021665632,0.449173677611277,0.447442974169693,0.713897470308207,0.400709219858156,0.666666666666667,0.0727918272880211,0.313817330210773,0.523146868685158,0.322609770516472,0.276752767527675,0.655932203389831
0.67283364688206,0.220276360625313,0.379209575626671,0.514496109953166,0.578579762112963,0.216312056737589,0.9,0.104387481655604,0.295081967213115,0.552399098897123,0.380673939915086,0.178966789667897,0.684745762711864
0.674170437157794,0.222163103506569,0.427116406445168,0.431726948318873,0.808255582836756,0.421985815602837,0.8,0.0401426332511042,0.325526932084309,0.593462391602146,0.333702370075778,0.265682656826568,0.764406779661017
0.600395777881627,0.245418033897436,0.286879197035082,0.265304382073314,0.516205654731476,0.372340425531915,0.933333333333333,0.0336332456624106,0.362997658079625,0.49058007105661,0.312753264900306,0.27859778597786,0.830508474576271
0.126583471048592,0.31003036508846,0.306770373851184,0.333939411900315,0.207828579474897,0.333333333333333,0.433333333333333,0.179771720105558,0.459016393442623,0.837977922854075,0.448960068791315,0.560885608856089,0.766101694915254
0.73003829984149,0.251242420919076,0.376897189439148,0.358603758399026,0.617558980548464,0.482269503546099,0.966666666666667,0.0487380986310517,0.31615925058548,0.566407302024023,0.342527005965497,0.208487084870849,0.738983050847458
0.595188189220445,0.213418226135591,0.36464650826416,0.450030636480265,0.586751924375837,0.347517730496454,0.833333333333333,0.0209555003558642,0.26463700234192,0.605355283893833,0.381963777073144,0.357933579335793,0.828813559322034
0.546458031554647,0.109679727399573,0.161012923727247,0.492992960757058,0.519737710735333,0.283687943262411,0.733333333333333,0.0370190565825098,0.189695550351288,0.736917361909955,0.397495566184769,0.35239852398524,0.794915254237288
0.343545862015919,0.188415313477773,0.263174012915668,0.346902997916494,0.379821400348884,0.216312056737589,0.9,0.0103503708337516,0.323185011709602,0.615523614823407,0.402289460955554,0.581180811808118,0.833898305084746
0.623394231050662,0.383706677915567,0.5023570333611,0.551195816003473,0.665000790827211,0.524822695035461,0.766666666666667,0.0588972437068718,0.477751756440281,0.480688363063181,0.294082872037405,0.197416974169742,0.698305084745763
0.417368574014586,0.0397615812811428,0.0331437941123412,0.0754624607095924,0.0095524793195763,0.205673758865248,0.966666666666667,0.0258277792377024,0.0327868852459016,0.846856045364502,1,0.717712177121771,0.932203389830509
0,0.169675984452121,0.205010824906272,0.252270671536094,0,0.0780141843971632,0.766666666666667,0.0985195536013115,0.285714285714286,1,0.733863599720535,1,0.854237288135593
0.540461282247628,0.260704039748917,0.416716793048193,0.546547051642205,0.662626207581017,0.468085106382979,0.666666666666667,0.0173422468838091,0.276346604215457,0.497662089665857,0.340076315365185,0.322878228782288,0.761016949152542
0.578038105283545,0.304319505812492,0.499012614911522,0.452418464696505,0.538764427037604,0.361702127659575,0.8,0.0419077423497875,0.332552693208431,0.504028057909551,0.34163486859784,0.343173431734317,0.777966101694915
0.346466763244654,0.154476229197077,0.290976127112019,0.530590152146771,0.327415799052338,0.23758865248227,0.966666666666667,0.0302444547728431,0.318501170960187,0.608162347783762,0.396248723598646,0.531365313653136,0.769491525423729
0.47867573576927,0.0707128092735381,0.146099784590177,0.310966266172454,0.383369047445286,0.24113475177305,0.933333333333333,0.0105757956072215,0.124121779859485,0.632490641391261,0.451679475466222,0.538745387453874,0.847457627118644
0.479689207055661,0.241785518633797,0.274616397615839,0.215100197711763,0.329365722116914,0.418439716312057,0.9,0.0646849981235736,0.302107728337237,0.664726860011512,0.628322674262374,0.428044280442804,0.767796610169492
0.709816951031998,0.388572702725908,0.630507856157419,0.669412315192612,0.784998975681678,0.627659574468085,0.7,0.0582758880863655,0.330210772833724,0.46808788232321,0.305078733809857,0.16789667896679,0.777966101694915
0.608091312256769,0.269642118675714,0.439932257445866,0.627318542087393,0.724776901819497,0.390070921985816,0.766666666666667,0.0575750563759626,0.466042154566745,0.488066034961346,0.353716343311657,0.219557195571956,0.842372881355932
0.510782783766305,0.167491151460971,0.377043175882175,0.456711742377605,0.510613386359178,0.283687943262411,0.9,0.0696248186600333,0.31615925058548,0.607890849055896,0.297543935078196,0.44280442804428,0.754237288135593
0.529088156155191,0.0722250933123759,0.0794233999219181,0.108621268620387,0.180905284364039,0.170212765957447,0.933333333333333,0.00755333026503726,0.0117096018735363,0.829151512377988,0.869221260815822,0.599630996309963,0.966101694915254
0.188071268965199,0.303488853108699,0.251577665229941,0.0243833353989742,0.135206585335998,0.471631205673759,0.6,0.284773655157641,0.217798594847775,0.920289795046867,0.518546783468587,0.46309963099631,0.825423728813559
0.44238726527293,0.139710023000839,0.272961625717189,0.443015578016136,0.526383387501134,0.23758865248227,0.866666666666667,0.00832991166059733,0.234192037470726,0.577622617842061,0.493964636964583,0.459409594095941,0.850847457627119
0.574547307757125,0.224049262674832,0.287761760538471,0.317689809012921,0.414363804931463,0.386524822695036,0.666666666666667,0.058882973569354,0.206088992974239,0.700871107053108,0.665255011554791,0.494464944649447,0.794915254237288
0.467353863031578,0.199721829144739,0.211068629796227,0.157402040049802,0.160156591819807,0.333333333333333,0.933333333333333,0.0608740955804894,0.386416861826698,0.856364692986693,0.807212339442145,0.627306273062731,0.803389830508475
0.553552223756614,0.335819137656837,0.512329367403327,0.482154733208812,0.603434942685787,0.48936170212766,0.933333333333333,0.0685449759438855,0.515222482435597,0.556519466127284,0.290320846993067,0.632841328413284,0.923728813559322
0.443837465387211,0.0575231511602951,0.215691013478239,0.215049274477895,0.357756484619829,0.127659574468085,1,0,0.0491803278688525,0.721722777646688,0.691556940936207,0.461254612546125,0.830508474576271
0.37791428122457,0.198794245607283,0.245377976618687,0.360202412320058,0.328825875780681,0.24113475177305,0.966666666666667,0.0333564646589913,0.339578454332553,0.569034739540322,0.432396409953243,0.282287822878229,0.68135593220339
0.664827931566296,0.209315937662532,0.412619621111099,0.387305711413827,0.651814057777231,0.386524822695036,0.866666666666667,0.0559656239134042,0.269320843091335,0.690537049827352,0.367549846831838,0.302583025830258,0.745762711864407
0.591485895060983,0.230435486170554,0.361935296075662,0.44450465247925,0.607611921364889,0.414893617021277,0.833333333333333,0.0488999746853494,0.402810304449649,0.545874292400586,0.295404955124416,0.25830258302583,0.759322033898305
0.53665756212224,0.307536928373396,0.418349674897456,0.468457088086678,0.731002784710808,0.542553191489362,1,0.0710342889888839,0.334894613583138,0.486209371119269,0.283033267050035,0.308118081180812,0.766101694915254
0.668807783092037,0.251833451196709,0.387564705862084,0.519690545843873,0.552380145792764,0.407801418439716,0.8,0.0547508176799276,0.391100702576113,0.546117430086137,0.305637663245015,0.304428044280443,0.735593220338983
0.478718173264298,0.108896734781892,0.181231119927892,0.221368572423785,0.180744485403289,0.25177304964539,0.966666666666667,0.0396258345065923,0.098360655737705,0.695307356488987,0.865362497984629,0.538745387453874,0.908474576271187
0.537387249079865,0.356164795516999,0.540612837400222,0.383339582182168,0.749404042324738,0.521276595744681,0.766666666666667,0.0997301895481629,0.494145199063232,0.511681322323319,0.366732949965067,0.326568265682657,0.769491525423729
0.610750455768025,0.160503422228537,0.315036170895855,0.435481077779355,0.583355341328948,0.368794326241135,0.8,0.0234859662236436,0.203747072599532,0.67413760966242,0.386596442199172,0.348708487084871,0.822033898305085
0.162298120596647,0.0759486640361756,0.168184046012982,0.401000030391989,0.291166937431078,0,0.933333333333333,0.0345916304927117,0.215456674473068,0.702635204945744,0.370226258934809,0.856088560885609,0.855932203389831
0.344193729991166,0.172091738460022,0.348102252154449,0.403452267747459,0.377547665508744,0.205673758865248,0.8,0.0926085606556857,0.257611241217799,0.646348936669675,0.423045090557317,0.468634686346863,0.869491525423729
0.479538103278552,0.161908228406422,0.297591105061937,0.312840023547723,0.553004027883762,0.25177304964539,0.9,0.0379654645984779,0.231850117096019,0.571159619771734,0.413908744021067,0.446494464944649,0.81864406779661
0.578388277972263,0.286450760608722,0.419648018962535,0.490035845737285,0.783427531955662,0.404255319148936,0.8,0.0627338740844942,0.283372365339578,0.543913796533673,0.345730101574676,0.247232472324723,0.761016949152542
0.604153132338317,0.204467525766918,0.424336785686778,0.485008197124233,0.677342082057646,0.567375886524823,0.833333333333333,0.0370406175296854,0.250585480093677,0.564599868308656,0.400462191648304,0.285977859778598,0.777966101694915
0.245560995515208,0.0876835324223222,0.104312894350309,0.0843725452956342,0.042023718726485,0.170212765957447,0.933333333333333,0.0825541599620355,0.117096018735363,0.886680919510199,0.827742247541248,0.771217712177122,0.871186440677966
0.770642012301568,0.260548050206606,0.450315131541758,0.470012302330002,0.671648918408489,0.411347517730496,0.8,0.0274134320900671,0.175644028103045,0.575465377900632,0.359886064384371,0.195571955719557,0.720338983050848
0.597877655574589,0.1764261533535,0.350788575936957,0.465377435670071,0.420084790159945,0.50354609929078,0.933333333333333,0.207475494516627,0.494145199063232,0.468915328708909,0.38566131025958,0.333948339483395,0.688135593220339
0.844821008513737,0.638602939165301,0.779158915847781,0.74891107089252,0.783997016782326,0.950354609929078,0.133333333333333,0.696477119469818,0.60655737704918,0.290734871087438,0.205180845918203,0.0498154981549816,0.433898305084746
0.77872738093257,0.79986138799055,0.830083673717629,0.732614158016509,0.849473148343347,0.542553191489362,0.333333333333333,0.988962001370684,0.742388758782201,0.130879080467636,0.148857956682969,0.0940959409594096,0.461016949152542
0.945226797070146,0.589392670743282,0.730151320387101,0.707034397812518,0.808653278150471,0.812056737588653,0.3,0.729940851743169,0.608899297423888,0.204191795276506,0.183533078948783,0.0627306273062731,0.535593220338983
0.579696319815453,0.526021019391787,0.573195837439096,0.531274257281346,0.619897245500425,0.411347517730496,0.0666666666666667,0.620768831815722,0.812646370023419,0.602576620028695,0.15889718922986,0.107011070110701,0.267796610169492
0.470186681609037,0.540058140850545,0.58185693577878,0.579223889518163,0.66585646209156,0.407801418439716,0.6,0.57024982093335,0.569086651053864,0.278214797320547,0.211716020852367,0.298892988929889,0.677966101694915
0.979254759006643,0.442100985044604,0.575179227038701,0.658989685825831,0.7172626463143,0.75531914893617,0.7,0.830147364203539,0.327868852459016,0.346761230565464,0.309012737141936,0.116236162361624,0.528813559322034
0.755401453452623,0.358338804691354,0.423302261228365,0.433652958439455,0.516810478656047,0.304964539007092,0.766666666666667,0.653133844031818,0.19672131147541,0.378485774045846,0.475004030741119,0.219557195571956,0.83728813559322
0.804029736018345,0.356140361110308,0.445711458498446,0.484638936321686,0.586337527410834,0.542553191489362,0.833333333333333,0.626960870783848,0.257611241217799,0.400820276218015,0.381813296071371,0.212177121771218,0.76271186440678
0.646589567502817,0.643706394774882,0.765554410643197,0.704321947040064,0.740685245963772,0.939716312056738,0.333333333333333,0.554722394843471,0.629976580796253,0.144634299590752,0.120374052775837,0.0756457564575646,0.350847457627119
0.905615004859005,0.56955570688019,0.729926434979742,0.737131648318963,0.842378075095179,0.49290780141844,0.466666666666667,0.776170280378317,0.550351288056206,0.233139750586627,0.186230988337722,0.0793357933579336,0.476271186440678
0.325525565055384,0.494169762509711,0.536728072018605,0.503020640428863,0.534549057753831,0.574468085106383,0.6,0.568641923815475,0.733021077283372,0.225805256419465,0.197065620465416,0.337638376383764,0.684745762711864
0.817925757078368,0.417832327584118,0.525665592672975,0.57199408380439,0.614583241468364,0.687943262411348,0.666666666666667,0.502157336494323,0.477751756440281,0.468172706101618,0.25133551889074,0.214022140221402,0.586440677966102
1,0.573245514203361,0.740016406842265,0.865305247393804,0.900779817277506,0.578014184397163,0.4,0.706747735288729,0.510538641686183,0.24039892698147,0.214413930241307,0.033210332103321,0.530508474576271
0.61145391408377,0.590663147775075,0.675488844700885,0.683867424936359,0.710050926715183,0.457446808510638,0.433333333333333,0.759128783710904,0.707259953161593,0.227438298919607,0.159316386306229,0.197416974169742,0.549152542372881
0.70431563758937,0.184043658608224,0.273625363344584,0.266927942844847,0.305390298318911,0.514184397163121,0.6,0.412652992304444,0.124121779859485,0.375324519412337,0.586488955769334,0.47970479704797,0.888135593220339
0.630873012415944,0.433817435789758,0.555583445436699,0.629061376548395,0.507068301264498,0.202127659574468,0.8,0.563341534950911,0.381733021077283,0.458000183126149,0.258569355618853,0.367158671586716,0.722033898305085
0.490065713002345,0.622810658455247,0.709637254528122,0.675524102465618,0.755416890324893,0.602836879432624,0.2,0.474032317702849,0.730679156908665,0.210945352902144,0.192400709410437,0.112546125461255,0.635593220338983
0.758484218658933,0.581382148100411,0.673725147165392,0.668784731967691,0.772351161981338,0.425531914893617,0.633333333333333,0.584845339286739,0.372365339578454,0.235654765009571,0.243757725587145,0.0940959409594096,0.588135593220339
0.379196884573739,0.854854253005003,0.832449605227135,0.671017917919682,0.95444549158847,0.907801418439717,0.1,0.665384173679976,0.793911007025761,0.470401702741663,0.109937120438545,0.03690036900369,0.48135593220339
0.675940155904345,0.266275626487372,0.316669286386395,0.294249345100079,0.451511014524163,0.50354609929078,0.6,0.482616964470909,0.355971896955504,0.505132885402224,0.363519105712904,0.309963099630996,0.838983050847458
0.748650539760222,0.723916062445267,0.814126470355439,0.745058593288708,0.849959317611566,0.478723404255319,0.233333333333333,0.8543596115226,0.68384074941452,0.251794935368299,0.18200677164508,0.108856088560886,0.484745762711864
0.728906762396314,0.412000037570697,0.488678977193612,0.567197130597969,0.549309726380539,0.723404255319149,0.633333333333333,0.529266243917174,0.391100702576113,0.301393015239701,0.370408985865535,0.25830258302583,0.796610169491525
0.837780053440656,0.226417640919621,0.307623386865562,0.397454986711722,0.450741337283069,0.421985815602837,0.8,0.469229769714824,0.236533957845433,0.51566290224116,0.387176868920299,0.263837638376384,0.815254237288136
0.803806021575154,0.621630202091473,0.702929992161535,0.631134024595961,0.802059812607023,0.695035460992908,0.433333333333333,0.680823663937596,0.775175644028103,0.400683372686837,0.195184607943247,0.0313653136531365,0.515254237288136
0.358121345918355,0.3322089195914,0.296863388704627,0.377143091641312,0.338402165469784,0.315602836879433,0.733333333333333,0.590754990198751,0.386416861826698,0.50629508108445,0.348148546246036,0.488929889298893,0.854237288135593
0.56498095506531,0.371850951470605,0.420447922153267,0.35788756281235,0.435190569401501,0.464539007092199,0.233333333333333,0.302789552578057,0.430913348946136,0.564754100143728,0.229741495136239,0.413284132841328,0.733898305084746
0.875302451145377,0.608600209733627,0.763516282006002,0.804190634220569,0.85398913909357,0.326241134751773,0.6,0.641067261355091,0.414519906323185,0.182560350240624,0.180888912774762,0.033210332103321,0.591525423728814
0.730409915989667,0.0978976237278568,0.150048240972698,0.196511696288901,0.21034008265124,0.230496453900709,0.833333333333333,0.475192352184403,0.0749414519906323,0.652094342788326,0.68687053259526,0.57380073800738,0.974576271186441
0.208335254239536,0.424239382702873,0.498385934952814,0.62830985889083,0.409313544229328,0.25177304964539,0.9,0.671838813335357,0.519906323185012,0.563083704410731,0.175245875208255,0.680811808118081,0.806779661016949
0.409613830952581,0.890348523210284,0.950282339710581,0.89734155254089,0.942803087347943,1,0.3,0.604753547461294,0.861826697892272,0.321447441871494,0,0.0996309963099631,0.538983050847458
0.0231821214282372,0.592086767884203,0.544036131112383,0.456241974660394,0.43504458093261,0.606382978723404,0.566666666666667,0.688358320099394,0.451990632318501,0.396949151580393,0.279518460794325,0.228782287822878,0.769491525423729
0.783990200183964,0.849713914462744,1,1,1,0.265957446808511,0.233333333333333,0.65867969079351,0.597189695550351,0.113774759707,0.195582307733649,0.0535055350553506,0.205084745762712
0.386524871499936,0.11139758423541,0.0922971400421097,0.205271406971707,0.116517447727308,0.234042553191489,0.866666666666667,0.482868553021266,0.154566744730679,0.680172474203439,0.589993013382061,0.743542435424354,0.96271186440678
0.734591096121626,0.575889744741516,0.6435253067047,0.64504158565079,0.702005943325247,0.734042553191489,0.366666666666667,0.735343074051613,0.543325526932084,0.250972190869087,0.182114258074918,0.108856088560886,0.532203389830509
0.781386099175273,0.696796306774615,0.711644174815643,0.55873507994358,0.717769618832868,0.762411347517731,0.333333333333333,0.938425406126846,0.627634660421546,0.23974981810689,0.184521954103294,0.105166051660517,0.630508474576271
0.644135438324714,0.129830174166026,0.149940195438094,0.153363818093537,0.249418395220952,0.439716312056738,0.7,0.289637390822638,0.053864168618267,0.665624837832633,0.683108507550922,0.540590405904059,0.833898305084746
0.73784059016171,0.534915973308411,0.626755100279948,0.595791342308189,0.723700448261178,0.882978723404255,0.5,0.69390753607702,0.634660421545668,0.248452382647483,0.171311871876176,0.118081180811808,0.501694915254237
0.706709110833939,0.215326705767263,0.296363944172013,0.216159570550291,0.311489399590646,0.517730496453901,0.7,0.465444900036608,0.161592505854801,0.558825364455579,0.585801042618369,0.428044280442804,0.859322033898305
0.774543604045797,0.470756891312449,0.576373206570273,0.608194401390131,0.701359149790912,0.936170212765958,0.6,0.647811851831512,0.447306791569087,0.319251809280711,0.276014403181598,0.0627306273062731,0.63728813559322
0.638637326724871,0.708245005656045,0.847776524532318,0.741558408502796,0.830409997407915,0.790780141843972,0.5,0.590039871692067,0.908665105386417,0.295835409959767,0.169291126995217,0.129151291512915,0.43728813559322
0.893567218528762,0.364870195906753,0.484865367124805,0.619016752634811,0.614928318125157,0.585106382978724,0.533333333333333,0.562634187776492,0.285714285714286,0.379142416301588,0.22845165797818,0.149446494464945,0.686440677966102
0.914250263928071,0.159675631455544,0.243930202058774,0.239701379161913,0.321571833147297,0.326241134751773,0.833333333333333,0.564788176329986,0.161592505854801,0.430554930764696,0.477486967270382,0.433579335793358,0.854237288135593
0.587507262902772,0.59582598572343,0.678689420880259,0.550337659031814,0.666522729731926,0.514184397163121,0.3,0.68039223970715,0.714285714285714,0.232634089487612,0.169194389208362,0.123616236162362,0.349152542372882
0.0459004685981815,0.256088316228206,0.226656619612034,0.276985614357921,0.23575855601371,0.205673758865248,0.7,0.619050260223692,0.313817330210773,0.660516408530335,0.417842747353147,0.68450184501845,0.850847457627119
0.770589327836305,0.555476337930594,0.690423061241307,0.58577529570532,0.702211749744806,0.382978723404255,0.566666666666667,0.529876908172313,0.543325526932084,0.377403449763488,0.176127263932928,0.132841328413284,0.43728813559322
0.517318668261307,0.632812809741625,0.642027807408451,0.549546804839314,0.761304083529317,0.578014184397163,0.366666666666667,0.628178151604403,0.852459016393443,0.598748284343345,0.133035954210781,0.0922509225092251,0.413559322033898
0.221452033567606,0.657682637077849,0.68762782218934,0.679954233913801,0.652073233593658,0.726950354609929,0.5,0.600566389464045,0.805620608899297,0.244853063367339,0.130724995969259,0.263837638376384,0.654237288135593
0.317217307529172,0.321551542981191,0.266968002232687,0.263048997564627,0.36685236319685,0.368794326241135,0.633333333333333,0.516569524820794,0.269320843091335,0.481806569495464,0.410415435051325,0.38929889298893,0.771186440677966
0.510705731370964,0.686782859055356,0.772541580648015,0.64699043779554,0.745248554189621,0.478723404255319,0.233333333333333,0.467971479334953,0.836065573770492,0.14705990961987,0.164228516149836,0.14760147601476,0.242372881355932
0.963797103780706,0.641580609989802,0.698627422157005,0.612152005101759,0.698428996015268,0.450354609929078,0.5,1,0.60655737704918,0.882217097059643,0.168495727414414,0.0479704797047971,0.213559322033898
0.79669056595374,0.222520328280478,0.28786538247399,0.412936731714808,0.481388827414429,0.606382978723404,0.533333333333333,0.45049085642126,0.159250585480094,0.387565224872484,0.504068361369377,0.238007380073801,0.777966101694915
0.712872610740287,0.559150298323436,0.660137852841452,0.679483283114386,0.697049511768981,0.872340425531915,0.233333333333333,0.662652784533434,0.571428571428571,0.290299513526285,0.174450475627452,0.0830258302583026,0.427118644067797
0.726255963169678,0.662828573849586,0.776079066355297,0.756171237533149,0.82519399160233,0.50709219858156,0.3,0.561636797073874,0.597189695550351,0.100702022364211,0.14829902724781,0.108856088560886,0.584745762711864
0.714994970642855,0.670791611449339,0.752091731661855,0.694449353026136,0.740080363248931,0.386524822695036,0.633333333333333,0.651997952206453,0.723653395784543,0.350864811689871,0.179427097328962,0.160516605166052,0.58135593220339
0.893622602507289,0.281516489193742,0.461754993966517,0.4910703183751,0.519978764063201,0.560283687943262,0.733333333333333,0.720949741696059,0.412177985948478,0.457072234544426,0.249884452087924,0.271217712177122,0.820338983050848
0.522175566123977,0.039950556191209,0.0242191173440837,0.0493656398035963,0.0501659070157015,0.198581560283688,0.866666666666667,0.319834256295185,0.0468384074941452,0.712482017398936,0.750588488203364,0.72140221402214,0.93728813559322
0.742406127948402,0.453507899922458,0.548687325072646,0.591863217734659,0.573698427831447,0.645390070921986,0.8,0.623910238776486,0.444964871194379,0.294634452654507,0.277186005266835,0.254612546125461,0.728813559322034
0.691630752933818,0.00959376374956631,0,0,0.0191270284566368,0.0886524822695036,0.9,0.314551902016093,0,0.793692550786692,0.952329768366744,0.848708487084871,1
0.924465270354054,0.50082296605629,0.659273225799179,0.651068244292617,0.741828579071871,0.421985815602837,0.866666666666667,0.717180656148873,0.482435597189696,0.203974440001676,0.246778094265599,0.162361623616236,0.56271186440678
0.180661796660907,0.135661291214126,0.0940572342295757,0.0940192025631281,0.0848850806532575,0.212765957446809,0.8,0.456679554888901,0.391100702576113,0.606288952160352,0.585833288547321,0.845018450184502,0.861016949152542
0.88641698467675,0.365995583611542,0.471261395465364,0.490048294007834,0.586023773427385,0.620567375886525,0.733333333333333,0.97955517862732,0.482435597189696,0.418670627867861,0.346912452302897,0.245387453874539,0.711864406779661
0.99017565556935,0.531947897498885,0.69736862805928,0.765098566761827,0.821523943909917,0.283687943262411,0.466666666666667,0.500498888681396,0.36768149882904,0.229934914519859,0.264610092975762,0.0830258302583026,0.522033898305085
0.627403632691461,0.27927059579975,0.343685735936827,0.39546597261028,0.412386340767431,0.553191489361702,0.666666666666667,0.645369532027307,0.48711943793911,0.453762258901037,0.357768581716558,0.420664206642066,0.730508474576271
0.879864867901186,0.497421605657979,0.594966194695645,0.593798400948654,0.667048951252496,0.702127659574468,0.766666666666667,0.7880082100661,0.259953161592506,0.333899831876414,0.307851883699683,0.140221402214022,0.635593220338983
0.683331832020653,0.559732518399115,0.649578679878999,0.661813578175554,0.685323502488462,0.783687943262412,0.533333333333333,0.795366472550751,0.562060889929742,0.376149575035481,0.192088998763906,0.125461254612546,0.601694915254237
0.648651214529292,0.457210894896198,0.502903507144296,0.517013859018535,0.526161327093047,0.762411347517731,0.866666666666667,0.744543757240842,0.526932084309134,0.517304313421414,0.38954157037674,0.365313653136531,0.622033898305085
0.361282820444244,0.218413243629372,0.198921040319628,0.0749103271922019,0.110760740674401,0.379432624113475,0.733333333333333,0.665245098676133,0.187353629976581,0.71765823165028,0.51048530123072,0.549815498154982,0.911864406779661
0.889460362266422,0.416471785303736,0.555951833343712,0.554229016209577,0.57458237647043,0.379432624113475,0.7,0.758486972702263,0.348946135831382,0.467837365164059,0.285526952222282,0.225092250922509,0.613559322033898
0.756193844185643,0.391203239672768,0.381792255715795,0.32627857107849,0.339060655474115,0.368794326241135,0.8,0.800189031545833,0.391100702576113,0.595499256722222,0.451077551459128,0.321033210332103,0.864406779661017
0.196811502310794,0.858515190686521,0.808902988610033,0.645326553196283,0.912920752200889,0.326241134751773,0.3,0.460202548754775,0.899297423887588,0.331317869895455,0.075057773956038,0.0276752767527675,0.21864406779661
0.953562498762973,0.387066282095607,0.568071669435479,0.667720288419821,0.684745579923402,0.414893617021277,0.366666666666667,0.553552503166074,0.353629976580796,0.240676186747639,0.2610630407911,0.142066420664207,0.713559322033898
0.763179929481723,0.115644833877412,0.148628130617651,0.225714182424514,0.236327497014861,0.191489361702128,0.6,0.371232501034844,0.126463700234192,0.587940069439078,0.530123071962165,0.448339483394834,0.820338983050848
0.796763696163841,0.502538776971883,0.605026301944242,0.667976927597696,0.721078973571247,0.404255319148936,0.9,0.652081088898022,0.377049180327869,0.518061062260312,0.278551082925781,0.158671586715867,0.598305084745763
0.918395600413836,0.430911845897768,0.575751833961935,0.671980639515994,0.701139845758711,0.49645390070922,0.533333333333333,0.516436612656207,0.459016393442623,0.339089865171866,0.260676089643682,0.029520295202952,0.622033898305085
0.347048625086217,0.255008658616493,0.290305865330756,0.185390660278904,0.311551226343361,0.361702127659575,0.633333333333333,0.45768299936912,0.180327868852459,0.462612990537706,0.518030848605364,0.394833948339483,0.908474576271187
0.558329852037809,0.312059030347962,0.323015695410545,0.405701568235043,0.389269629248927,0.436170212765957,0.433333333333333,0.377256835173728,0.255269320843091,0.446559443148644,0.439716235825227,0.391143911439114,0.827118644067797
0.806059472041606,0.612004715809648,0.737973984095977,0.691398574081302,0.792458188781589,0.588652482269504,0.5,0.513340817000509,0.56440281030445,0.174800374956535,0.189014886870533,0.14760147601476,0.461016949152542
0.851103978497812,0.247150420808508,0.352290873115318,0.529589348013932,0.478306655721807,0.613475177304964,0.866666666666667,0.541779090007925,0.168618266978923,0.445184185006139,0.450507873380986,0.287822878228782,0.754237288135593
0.819665884806284,0.538152475954538,0.684826004247809,0.739447788108825,0.777666671466444,0.471631205673759,0.8,0.735374370467752,0.344262295081967,0.38294016162113,0.370559466867308,0.1309963099631,0.652542372881356
0.886544836824986,0.63388830709098,0.767329013370803,0.753118189850005,0.80813488635151,0.542553191489362,0.366666666666667,0.736538981022306,0.639344262295082,0.218301982979607,0.170591712796259,0.0590405904059041,0.449152542372881
0.434730285958743,0.677929160113634,0.755810816697214,0.740395235854575,0.749568067114401,0.539007092198582,0,0.672757421207473,0.714285714285714,0.13070510041643,0.114440801848767,0.0516605166051661,0.432203389830508
0.644864947874968,0.726629948351807,0.81070256530865,0.679340189212369,0.839617994181447,0.273049645390071,0.0666666666666667,0.637839744655425,0.747072599531616,0.26180854017336,0.0868060407373569,0.014760147601476,0.38135593220339
0.733496736581699,0.605085103561408,0.705563669992628,0.659132823598601,0.808281333036852,0.843971631205674,0.5,0.560246954852489,0.620608899297424,0.312654755143447,0.140151555866072,0.03690036900369,0.427118644067797
0.696007442466979,0.366253803580351,0.482252917399268,0.538652888524067,0.523495835501371,0.549645390070922,0.8,0.473290389378729,0.278688524590164,0.516071558479065,0.344891707421938,0.230627306273063,0.749152542372882
0.741978441665423,0.427921509361023,0.507500962042086,0.568175604204816,0.619052049892292,0.521276595744681,0.7,0.527744764563686,0.381733021077283,0.263570220803727,0.351158166281507,0.160516605166052,0.613559322033898
0.746078261445758,0.497311076243701,0.564917656144921,0.59674529131581,0.671293444254877,0.861702127659575,0.2,0.550608288710212,0.550351288056206,0.336690799629518,0.192776911914871,0.173431734317343,0.372881355932203
0.659855305102161,0.566697215208457,0.662664325339392,0.715143905857953,0.751905235599901,0.804964539007092,0.6,0.557093702911729,0.615925058548009,0.221843211743723,0.185801042618369,0.16789667896679,0.430508474576271
0.764704854316337,0.236195980372129,0.275060888430986,0.342828757625224,0.362523200411169,0.262411347517731,0.6,0.364193558666979,0.19672131147541,0.35145000457397,0.512635029827484,0.337638376383764,0.833898305084746
0.324101109145591,0.462776970173322,0.534113618148136,0.466207159037859,0.458829975086488,0.734042553191489,0.2,0.428841541825907,0.388758782201405,0.359370195886935,0.286752297522438,0.206642066420664,0.884745762711864
0.719409418894269,0.44319669822017,0.549709171686787,0.577611639635535,0.640478639313664,0.542553191489362,0.7,0.604947764589298,0.498829039812646,0.502807387465412,0.221067340248294,0.162361623616236,0.311864406779661
0.647882415624707,0.476210103785707,0.532839927756467,0.562819279565361,0.588620013620249,0.581560283687943,0.166666666666667,0.651652997038357,0.388758782201405,0.780714546930655,0.293642177675069,0.190036900369004,0.779661016949153
0.555766023623465,0.449958286394727,0.47937042071367,0.559763249295783,0.498772937070028,0.549645390070922,0.4,0.638084176831017,0.550351288056206,0.364282572478366,0.233439028322674,0.335793357933579,0.530508474576271
0.852158934596973,0.337763733887389,0.475957617157227,0.601770061686093,0.564156795658025,0.51063829787234,0.766666666666667,0.70325805666816,0.283372365339578,0.464818308774759,0.347675605954748,0.356088560885609,0.788135593220339
0.601422970080987,0.59307372768932,0.705402466753433,0.731080234031226,0.713659324274012,0.75886524822695,0.833333333333333,0.49965602869259,0.569086651053864,0.168539082265486,0.212188961143656,0.0313653136531365,0.415254237288136
0.613164749212349,0.42235120974251,0.517889717752757,0.556423305137499,0.579100766695525,0.521276595744681,0.566666666666667,0.655369777728382,0.618266978922717,0.733056277735855,0.235932713494921,0.210332103321033,0.659322033898305
0.330490090930927,0.793700092837114,0.801504580731114,0.685821781678006,0.827431992512341,0.99290780141844,0.366666666666667,0.736553136027038,0.840749414519906,0.157732187047086,0.106433062825818,0.116236162361624,0.357627118644068
0.81878351237767,0.389270233770068,0.513564966184369,0.550288264579904,0.628064281959521,0.535460992907801,0.766666666666667,0.694635105250485,0.468384074941452,0.382740838984755,0.29659805449562,0.127306273062731,0.508474576271187
0.649109610419518,0.546611885986938,0.603065808132588,0.611443979918546,0.682590894882237,0.673758865248227,0.466666666666667,0.593745935244135,0.639344262295082,0.392819177017598,0.176901166227764,0.193726937269373,0.635593220338983
0.610587189192701,0.576409752985968,0.700242352096386,0.711374131363737,0.708546036181559,0.840425531914894,0.533333333333333,0.634531687920452,0.608899297423888,0.219307412059172,0.202493685172247,0.0608856088560886,0.427118644067797
0.777157479820144,0.469362954949999,0.578620675643211,0.639333821821009,0.658574716328516,0.553191489361702,0.3,0.605686413409489,0.613583138173302,0.0248663008179917,0.183124630515397,0.127306273062731,0.223728813559322
0.546019420846531,0.690304730750095,0.742617303004946,0.734570508668287,0.790692829045611,0.563829787234043,0.4,0.648553258190545,0.871194379391101,0.159082386709274,0.135981082388348,0.0479704797047971,0.571186440677966
0.753334289794519,0.315588870575898,0.405312303182972,0.472733615396349,0.496589360739789,0.801418439716312,0.666666666666667,0.485771879245339,0.245901639344262,0.475960939427809,0.491814908367819,0.363468634686347,0.725423728813559
0.799022360657109,0.471291444876387,0.56215449135792,0.563081333858077,0.631292206525393,0.602836879432624,0.3,0.677890768740815,0.517564402810305,0.338973377649672,0.203418068468856,0.164206642066421,0.693220338983051
0.74610568873166,0.249085955883061,0.313496382664871,0.391088446301581,0.420272490169804,0.297872340425532,0.666666666666667,0.516506625294213,0.283372365339578,0.49882220623614,0.455280270865803,0.250922509225092,0.706779661016949
0.922619195826847,0.533607736976787,0.695259758122573,0.689105619694631,0.724266170076034,0.613475177304964,0.766666666666667,0.820492675506431,0.36768149882904,0.356538323590327,0.27225237813726,0.0553505535055351,0.723728813559322
0.324289724729166,0.413819589910503,0.422013382994176,0.560814233715963,0.461932611566367,0.446808510638298,0.466666666666667,0.494182373852773,0.475409836065574,0.233423320772054,0.239726984468211,0.345018450184502,0.738983050847458
0.408432608658044,0.437404527750865,0.459670538878249,0.476455962124819,0.473805008183234,0.595744680851064,0.766666666666667,0.565240230993948,0.2903981264637,0.375958459779629,0.359972053528242,0.234317343173432,0.859322033898305
0.693681722829475,0,0.0227614649179708,0.0816797698644162,0.0877110091519863,0.336879432624114,0.966666666666667,0.330886117402485,0.0351288056206089,0.727806481722546,0.818466168646208,0.833948339483395,0.927118644067797
0.727465008545743,0.436258259809835,0.593761826431381,0.598000575855188,0.62912957964517,0.879432624113475,0.833333333333333,0.77275850781622,0.323185011709602,0.566959727590627,0.318310313322943,0.18450184501845,0.523728813559322
0.665224376728866,0.241715452025162,0.313847224149491,0.304228873696572,0.339658928225757,0.386524822695036,0.666666666666667,0.457710708398472,0.098360655737705,0.552952736128383,0.55729564142527,0.285977859778598,0.861016949152542
0.508398625957843,0.480992786017682,0.556852336548024,0.509974021031737,0.545906577944279,0.801418439716312,0.5,0.582318405894581,0.51288056206089,0.252611538488547,0.26960821196324,0.247232472324723,0.667796610169492
0.900675276296398,0.209145558788415,0.34302004115876,0.435781770066787,0.433858254754999,0.439716312056738,0.866666666666667,0.56616442016994,0.297423887587822,0.45942574086812,0.445542000322459,0.29520295202952,0.86271186440678
0.96102575554268,0.433415474635205,0.563227291482131,0.561258417910885,0.659071792216046,0.819148936170213,0.566666666666667,0.625981204169026,0.43559718969555,0.30036229622572,0.236136937711614,0.101476014760148,0.496610169491526
0.935082615539792,0.25124591189679,0.379131675614358,0.455438603691133,0.510714512016914,0.450354609929078,0.533333333333333,0.469668296930219,0.161592505854801,0.356092435251165,0.539291664427366,0.18450184501845,0.716949152542373
0.845064938136476,0.510696823634709,0.647884945543562,0.603189637377746,0.669634841502233,0.641843971631206,0.7,0.702559591980758,0.412177985948478,0.197268749371293,0.248981566077283,0.121771217712177,0.672881355932203
0.727917950445648,0.577597268900179,0.688096616062515,0.738391530986392,0.713630353894332,0.73758865248227,0.4,0.548631810598587,0.526932084309134,0.561694837827126,0.188552695222228,0.112546125461255,0.606779661016949
0.740846812628574,0.388918529674944,0.526275051929306,0.47778246286632,0.530874763442219,0.471631205673759,0.766666666666667,0.708479500060583,0.524590163934426,0.580786957670161,0.403611544042565,0.300738007380074,0.693220338983051
0.5406477412462,0.709926746646352,0.777669637921199,0.739847030844902,0.822498569431293,0.425531914893617,0.4,0.724854949072366,0.723653395784543,0,0.115977857795453,0,0.333898305084746
0.846969968354897,0.392288634174599,0.520447642472619,0.541387278332939,0.584772379210093,0.301418439716312,0.666666666666667,0.852757653177905,0.370023419203747,0.543793781968988,0.235470521846617,0.31549815498155,0.659322033898305
0.419807918406725,0.863958272912074,0.923161823279696,0.828576557413823,0.902801352663753,0.315602836879433,0.1,0.583942455309769,0.758782201405152,0.335913367134503,0.0942978448970817,0.0590405904059041,0.611864406779661
0.239862822373501,0.566965894505801,0.66033605850209,0.499732635047681,0.59349346410801,0.49645390070922,0.433333333333333,0.567050325186975,0.686182669789227,0.22127086389969,0.215811253829204,0.263837638376384,0.694915254237288
0.216635434720144,0.39487494502438,0.377914067245753,0.3537123973838,0.33657316815388,0.648936170212766,0.7,0.582417786925034,0.320843091334895,0.445307442926877,0.382103509431934,0.354243542435424,0.794915254237288
0.856180802754176,0.448932609206351,0.564317136506532,0.646204369799611,0.612816696739077,0.280141843971631,0.566666666666667,0.558396057005128,0.426229508196721,0.708116594043243,0.283731928843983,0.114391143911439,0.638983050847458
0.600032260005887,0.544709089358731,0.625850961738772,0.610102272315295,0.726351621783822,0.769503546099291,0.2,0.567417024272904,0.653395784543326,0.288912749346481,0.189165367872306,0.153136531365314,0.615254237288136
0.70264215974466,0.50048577129713,0.579674956720707,0.678313091725771,0.655921266064223,0.301418439716312,0.233333333333333,0.634705584637192,0.728337236533958,0.235306331259599,0.14925565647337,0.16789667896679,0.472881355932203
0.611919974355028,0.514473071132526,0.645667377916048,0.580067937780426,0.635769917857189,0.75531914893617,0.633333333333333,0.628911058190596,0.559718969555035,0.259534450221512,0.26339549631859,0.197416974169742,0.588135593220339
0.855697396940954,0.375819408850284,0.536737937914568,0.587641404261559,0.564338412209728,0.549645390070922,0.766666666666667,0.600396266927134,0.423887587822014,0.145711154959312,0.222324931477401,0.256457564575646,0.583050847457627
0.35558507627144,1,0.909061340477578,0.595045424486777,0.817012900171522,0.790780141843972,0.6,0.665217669765033,0.733021077283372,0.222693633941254,0.105702155102918,0.0940959409594096,0.454237288135593
0.447814176554646,0.610806398457556,0.662745799268639,0.622764558280133,0.650507568199954,0.528368794326241,0.633333333333333,0.617400103616264,0.779859484777518,0.169357981865086,0.16679744182297,0.206642066420664,0.554237288135593
0.346890749063337,0.630568558649753,0.67069680798653,0.62737642889965,0.710749720087639,0.542553191489362,0.533333333333333,0.561284409073503,0.655737704918033,0.332074308129786,0.175342612995109,0.0922509225092251,0.359322033898305
0.339443566859298,0.773668476688455,0.797782505353414,0.728180904871884,0.849745521178451,0.450354609929078,0.333333333333333,0.699510986694558,0.707259953161593,0.373909931627759,0.1323587897028,0.018450184501845,0.242372881355932
0.791704494828309,0.639066908392173,0.737268074371537,0.656986461884648,0.786282509862596,0.794326241134752,0.333333333333333,0.742321334400641,0.667447306791569,0.345962168653408,0.179771053904445,0.112546125461255,0.64406779661017
0.6510070503285,0.684134860971556,0.796935972022283,0.789380591558923,0.832638176183534,0.847517730496454,0.466666666666667,0.58638272918579,0.63231850117096,0.291244055044777,0.0376417477293492,0.101476014760148,0.450847457627119
0.676615679221904,0.829840195692091,0.803448395126969,0.70202909592595,0.850938212225296,0.787234042553191,0.433333333333333,0.590207195043227,0.676814988290398,0.591133959309918,0.12395335088945,0.0276752767527675,0
0.424432815339415,0.725448516178732,0.77443229371193,0.720077596527098,0.777303319602969,0.656028368794326,0.466666666666667,0.595548635161558,0.812646370023419,0.229030682138092,0.133175686569571,0.0756457564575646,0.632203389830508
0.603621364826386,0.458945188623728,0.537426548055845,0.459120340606336,0.591059101835645,0.546099290780142,0.766666666666667,0.617057950248736,0.466042154566745,0.302472737877554,0.249862954801956,0.324723247232472,0.749152542372882
0.694132284317578,0.520627261756123,0.646659683862911,0.568354067395684,0.59964655992763,0.677304964539007,0.8,0.744620647371458,0.60655737704918,0.281538373176178,0.247562745203418,0.202952029520295,0.506779661016949
0.76887691013533,0.610727356663406,0.699282065576484,0.657865692349089,0.722787918115004,0.74822695035461,0.333333333333333,0.695396287663349,0.576112412177986,0.25199003185783,0.179609824259687,0.16789667896679,0.616949152542373
0.867551895741622,0.255486664031469,0.357072150394795,0.457590899024928,0.455753013627174,0.382978723404255,0.766666666666667,0.649122005877542,0.330210772833724,0.492023748676891,0.261095286720052,0.424354243542435,0.711864406779661
0.718305598537716,0.550431307551282,0.671816846380063,0.610611097856498,0.748736666733011,0.553191489361702,0.5,0.63510589182797,1,0.331052857042864,0.137002203471812,0.0977859778597786,0.493220338983051
0.618824212479275,0.454196627987957,0.508667209366938,0.561552896350132,0.607176390881075,0.592198581560284,0.533333333333333,0.485025886496663,0.519906323185012,0.334822272840806,0.242532380286989,0.219557195571956,0.649152542372881
0.637744280423946,0.626751124022813,0.701050408552619,0.652922872055618,0.742344050478165,0.900709219858156,0.766666666666667,0.649824381190697,0.887587822014052,0.132114934203115,0.114666523351427,0.0848708487084871,0.476271186440678
0.525629858693332,0.689876576206173,0.769459309996216,0.771165099991289,0.844445507492263,0.556737588652482,0.466666666666667,0.643969868409307,0.592505854800937,0.0992983531088744,0.207953995808029,0.0867158671586716,0.423728813559322
0.885065583214417,0.241821118700742,0.342972745425483,0.461724338859224,0.436348801466225,0.443262411347518,0.8,0.701766936009765,0.334894613583138,0.611148926190628,0.347363895308217,0.284132841328413,0.686440677966102
0.697609775578118,0.526494603841129,0.648407342475501,0.672942639632547,0.726240633142699,0.645390070921986,0.566666666666667,0.498666140946893,0.550351288056206,0.1269117150673,0.174063524480034,0.116236162361624,0.58135593220339
0.85922096973775,0.391388412604681,0.530875978434319,0.595156776403472,0.682259207569629,0.74113475177305,0.7,0.507988600411638,0.351288056206089,0.315054700964527,0.245241038318912,0.175276752767528,0.723728813559322
0.794681162605291,0.291564253316547,0.329013013503336,0.417199930527203,0.497351163933771,0.634751773049645,0.766666666666667,0.537011071919181,0.271662763466042,0.413004735402909,0.45439888214113,0.269372693726937,0.803389830508475
0.738019044689292,0.538171421943532,0.651300158630116,0.637027927079425,0.699428857647805,0.797872340425532,0.566666666666667,0.550385416702105,0.861826697892272,0.193441540063353,0.138764980921159,0.149446494464945,0.552542372881356
0.405346770300338,0.732534514636858,0.78379462049291,0.70174076738088,0.789654840464447,0.25531914893617,0.733333333333333,0.518504445450012,0.824355971896956,0.334948431992315,0.135228677379481,0.0959409594095941,0.198305084745763
0.473443355769959,0.632311661781572,0.671997849549453,0.677922160377603,0.720243311050523,0.787234042553191,0.6,0.519778499898132,0.56440281030445,0.391338966539887,0.182103509431934,0.0959409594095941,0.479661016949153
0.845290051899181,0.524298723022465,0.649657676310383,0.624859500436057,0.715369673203699,0.539007092198582,0.566666666666667,0.636527251774126,0.503512880562061,0.184444552029883,0.243456763583598,0.108856088560886,0.659322033898305
0.528381149794841,0.637435564540006,0.713410551978885,0.663573398026691,0.770530614819938,0.195035460992908,0.733333333333333,0.556344023793545,0.545667447306792,0.65077358954104,0.180738431772989,0.140221402214022,0.489830508474576
0.729755761466632,0.737514708249062,0.813045309856767,0.597282956097995,0.907018904885482,0.705673758865248,0.333333333333333,0.584405638303604,0.667447306791569,0.583012835572554,0.120331058203902,0.119926199261993,0.0864406779661018
0.903735269415727,0.261533409808551,0.39807418000666,0.479003151411402,0.502675668826746,0.287234042553192,0.766666666666667,0.655965490600507,0.292740046838408,0.591327457727089,0.323039716235825,0.287822878228782,0.674576271186441
0.739875184540534,0.652063193584722,0.577785374622443,0.538551518698903,0.532857258737207,0.663120567375886,0.766666666666667,0.859076423072558,0.292740046838408,0.50130212840991,0.305078733809857,0.158671586715867,0.769491525423729
0.780299609773198,0.582712540532289,0.6261478511521,0.532343564413261,0.756152425567093,0.921985815602837,0.366666666666667,0.617522108331733,0.791569086651054,0.44048331652716,0.145418390928145,0.0940959409594096,0.342372881355932
0.563163379801653,0.628312557342656,0.679641686864456,0.634614143309765,0.729459740658088,0.528368794326241,0.566666666666667,0.738891741145131,0.611241217798595,0.319202370503605,0.161057666469608,0.123616236162362,0.21864406779661
0.558084295429172,0.576737596726793,0.650153023475478,0.619374109244486,0.755589900962023,0.528368794326241,0.533333333333333,0.515961801997469,0.569086651053864,0.284525326763234,0.206051485999893,0.0701107011070111,0.408474576271186
0.78523870985005,0.481129314900281,0.587757288615099,0.577608562613178,0.698141964909783,0.677304964539007,0.466666666666667,0.681555766824019,0.618266978922717,0.257799233951142,0.197882517332187,0.0719557195571956,0.594915254237288
