"metro","per_point_diff","T.or.B","X..Fair.or.Poor.Health","Average.Number.of.Physically.Unhealthy.Days","Average.Number.of.Mentally.Unhealthy.Days","X..Smokers","X..Physically.Inactive","Violent.Crime.Rate","Income.Ratio","X..Children.in.Single.Parent.Households","X..Unemployed","X..Vaccinated","X..Uninsured","X..Children.in.Poverty","Life.Expectancy","Median.Household.Income","X..bachelor.degree","X..High.school.degree","X..Households.with.a.broadband.Internet","Persons.per.household","label"
"yes",-0.314034302178441,"Biden",13.497058286,3.3093060336,4.0898136175,16.586175241,19.7,348.21844179,4.8531129843,31.097647644,3.6489164401,55,4.1684259328,16,79.946936949,69408,0.418,0.921,0.835,2.29,"High"
"no",0.389134828216726,"Trump",17.505069165,4.4226989715,4.6721960597,22.315666353,27.8,195.02941427,4.1666122639,22.661410612,5.4575381925,49,5.7091775924,26.8,77.910085673,49411,0.209,0.908,0.751,2.33,"Medium"
"yes",-0.675649201930869,"Biden",29.319008629,4.7618415688,4.4621298085,18.156678722,29.9,586.05761611,6.7604473664,50.193234802,5.3599184844,40,8.693358803,36.5,80.885557114,41470,0.201,0.728,0.757,2.76,"High"
"yes",-0.0345927538418432,"Biden",16.958985718,4.0995572496,4.6950637256,22.057009779,22.7,314.95458616,5.0194821088,26.66845278,4.7409040794,53,5.208532358,24.9,78.621136574,52179,0.284,0.907,0.818,2.33,"High"
"no",0.294906012340365,"Trump",19.624915864,4.6602979307,4.8485698033,23.808276191,28.5,197.20040087,4.5398591757,25.43366151,5.0525321686,47,6.4883465771,21.5,77.575538472,50783,0.191,0.888,0.717,2.34,"Medium"
"no",0.0923368386370501,"Trump",17.378352529,4.1681850353,4.5758325231,22.65664425,25.1,241.44125779,4.1190612479,24.657264677,4.286270583,56,4.7691604449,20.5,79.796522026,58055,0.226,0.878,0.797,2.34,"High"
"no",0.198401456900041,"Trump",17.939538653,4.2163068317,4.6993804223,23.680143445,27,271.38336813,4.9295737497,26.96977822,4.7186067828,53,5.5118432496,24.4,77.995285757,50143,0.222,0.888,0.762,2.31,"Medium"
"yes",0.134128393808678,"Trump",17.59972435,4.2691235821,4.5941192417,23.58428113,29.6,192.94740036,4.4708446631,24.045300361,4.2148547931,52,4.1218555273,20.3,76.489427692,58400,0.233,0.903,0.804,2.36,"High"
"no",0.233013194506777,"Trump",17.617715797,4.3143207905,4.7528690558,22.913565062,24.2,183.39412319,4.4825174825,21.354799514,4.4474637681,50,4.9291830039,20.1,77.374403391,51894,0.187,0.881,0.781,2.28,"High"
"no",-0.0522053221209471,"Biden",17.337230637,4.18196197,4.6107609834,21.875742361,27.5,157.25500595,4.3141124817,22.373419907,4.3578866178,51,5.0481638557,16.8,79.426273361,59069,0.229,0.876,0.798,2.33,"High"
"no",-0.166713585946737,"Biden",15.24541892,4.0167005863,4.1891300796,20.177388562,22.1,145.53647045,4.5053227472,22.855755221,3.2231166415,53,5.7819039986,15.4,79.889615747,71563,0.327,0.903,0.797,2.32,"High"
"no",0.0193744810406864,"Trump",16.850290083,4.1619116418,4.7392038847,21.52773221,25.3,89.542293116,4.1583897371,22.005906158,4.8921366998,53,4.3854840478,19.3,78.356780507,55143,0.28,0.907,0.738,2.5,"High"
"no",0.184321389793702,"Trump",17.569154396,4.3866548832,4.8178965406,22.883929757,26.3,193.05876087,4.7676149018,28.106898368,4.7130825966,47,5.8421516755,19.1,79.156491784,51038,0.226,0.889,0.76,2.25,"Medium"
"yes",-0.0964187874697264,"Biden",14.716894959,3.649747271,4.2839679345,15.67146022,20.3,203.66598778,4.8209464701,21.920525025,3.6094140517,53,5.1420120421,9.8,80.68547552,84564,0.35,0.911,0.881,2.54,"High"
"yes",-0.147238706103957,"Biden",16.652854089,4.0485574264,4.4749966908,18.774414029,23.7,427.52334492,5.0713060309,29.548994108,4.256375045,48,4.4202047826,19.3,78.679465462,60620,0.344,0.918,0.812,2.29,"High"
"no",-0.0504179863959707,"Biden",16.201176056,4.1348788461,3.9989420662,18.772894177,22.9,166.76003492,4.0427133718,18.935499917,4.736687261,55,4.4958775465,17.1,80.175045791,55091,0.268,0.915,0.781,2.19,"High"
"no",0.021538301847623,"Trump",19.246351378,4.2223610073,4.5594462377,23.330822818,26,183.45743689,4.9705372617,27.968844831,4.9250535332,48,6.8346020761,25.1,79.176936814,48943,0.191,0.874,0.739,2.35,"High"
"no",0.313637129380054,"Trump",18.7288923,4.6461176347,4.8448048446,24.037638762,27.5,204.07216734,4.2810710825,32.881011723,5.0273658192,51,5.0551579146,26.4,78.379635306,50061,0.182,0.873,0.77,2.33,"Medium"
"no",0.316630728685354,"Trump",16.073207333,4.1694102738,4.5869582221,22.630276301,31,219.98742929,4.2284484445,20.789384144,3.9413505515,49,4.526758023,13.6,78.126013596,62570,0.223,0.922,0.806,2.4,"High"
"no",0.155791061363817,"Trump",17.498382015,4.3285372426,4.5038788715,23.419935021,25.9,225.00426548,4.8591477771,19.754996776,4.5039711904,46,5.5997667978,18.5,78.432396045,54746,0.221,0.867,0.735,2.58,"High"
"no",0.302601156069364,"Trump",16.707861597,4.1233833979,4.6541230024,21.240222785,20.7,74.286320705,4.0753706091,13.621794872,6.0072267389,53,6.2643489669,17.7,78.85186648,60148,0.168,0.775,0.752,3.79,"High"
"yes",0.304682970087656,"Trump",16.750437619,4.2638593027,4.4686644014,24.939865673,26.5,210.88572002,4.156261792,17.969115583,4.9119289704,50,4.9130245028,19,79.440704908,55778,0.215,0.898,0.799,2.48,"High"
"yes",0.189792008757526,"Trump",17.275205693,3.852645525,4.0957659003,20.235493937,25.1,212.6354006,4.0352212242,23.068724734,5.6234496256,54,4.7761062142,20.6,77.965395455,53829,0.222,0.91,0.838,2.49,"High"
"yes",-0.548086714861056,"Biden",18.733240098,3.910971885,4.249554538,15.268122754,24,586.18548775,6.8615050724,30.970904091,4.064482206,39,7.8499790704,24.7,82.947002907,66501,0.375,0.824,0.8,2.66,"High"
"no",0.391687268232386,"Trump",17.406638138,4.1166028504,4.3048192659,21.868104239,28.2,131.55700495,3.5957720116,16.165904637,5.5393335623,55,5.0938212972,18.6,79.052740978,56599,0.184,0.901,0.784,2.56,"Medium"
"yes",0.181682112034649,"Trump",16.553101726,4.0806805092,4.5096769758,21.371860856,24.4,122.64985794,4.2228841495,22.416998672,4.240708195,51,4.5094428504,16.4,79.611246322,60268,0.265,0.906,0.837,2.37,"High"
"yes",0.105793524883953,"Trump",14.212150742,3.4835712547,4.605941483,20.292388676,22.6,151.42316844,4.4026540212,17.542840546,4.4863578099,48,4.8473232727,13.2,81.497817079,61713,0.262,0.92,0.817,2.55,"High"
"yes",-0.21020622967429,"Biden",15.988888886,3.7831354545,4.2786016913,18.03860166,20.7,326.25708471,4.9415428049,32.567702786,4.1652133956,53,4.2863748329,18.9,79.757057912,62159,0.386,0.904,0.84,2.37,"High"
"no",0.225608024983439,"Trump",20.395811266,4.4844853588,4.7363550319,22.632302035,29.4,142.33654011,4.7405281286,26.747585718,5.0793508473,49,5.3075084895,25.5,77.823550576,52092,0.178,0.868,0.76,2.45,"High"
"yes",-0.0952404347422607,"Biden",12.63438593,3.108624063,3.6703922895,12.074269951,20.4,143.66338688,4.4941938459,15.147443025,3.4446236362,55,4.6119262372,6.5,83.074313197,117767,0.46,0.914,0.898,2.99,"High"
"yes",-0.745218044506867,"Biden",15.566019351,3.6125851108,4.0665616209,11.920397584,16.8,586.40744787,9.1468112726,35.153266149,3.5072035172,49,6.1409231214,17.3,85.270363235,93007,0.613,0.873,0.852,2.07,"High"
"yes",0.0964546502690238,"Trump",17.620147936,4.2333647975,4.7259386725,22.594051992,27.8,394.56884814,4.7783892383,27.17691165,4.9592047456,46,4.4334417712,16.9,78.066950017,56371,0.246,0.912,0.797,2.34,"High"
"yes",0.154973894745201,"Trump",18.604369507,4.474678611,4.5150273173,20.598873074,24.8,283.32335058,4.6256872852,26.32152925,4.2809133142,50,4.9501517615,19.3,78.158236577,56516,0.257,0.885,0.807,2.43,"High"
"yes",-0.205657443500117,"Biden",15.223023429,3.8646588423,4.6901844834,17.194446583,21.3,317.56761816,4.9204513285,29.905632646,3.9329128674,55,4.7048264751,18.7,79.65149899,61597,0.359,0.91,0.802,2.39,"High"
"yes",0.000234608037001038,"Trump",13.332827767,3.43984186,4.1980792375,18.095747542,21.4,153.29848006,4.1410672854,23.108715184,3.8871428055,54,4.2911164117,10.4,80.000361276,66754,0.363,0.939,0.848,2.36,"High"
"yes",0.00181291001109823,"Trump",17.193234773,3.8166876498,3.9832747549,17.225856154,26.4,244.91293757,4.781007874,17.537587947,3.8019298862,53,5.4292479648,18,80.462621437,83188,0.303,0.897,0.801,2.89,"High"
"yes",0.360196100033051,"Trump",20.50561742,4.8602585518,5.0012395145,24.565245737,32.3,171.85434443,4.0930498306,23.361218629,4.7076905562,47,5.2944389116,19.2,77.642862502,53115,0.162,0.877,0.807,2.28,"Medium"
"yes",0.201776440146079,"Trump",17.821843593,4.3014388761,4.9069211462,23.595182077,25.6,211.60494856,4.2943311582,25.37205953,5.4342900302,49,5.2796976357,25,77.92934474,57640,0.19,0.882,0.845,2.46,"High"
"no",0.050235646958012,"Trump",15.516716662,4.1170309225,4.5246471474,20.145413075,22.6,148.05919077,4.5610436786,23.1964717,4.2195295795,53,5.533152021,18.6,79.647605759,52414,0.311,0.917,0.793,2.32,"High"
"yes",0.078743021331539,"Trump",13.366953794,3.2443284999,3.7446903252,14.834439413,19.4,48.435132991,3.8888796248,12.808080808,3.6970525083,54,4.2275419546,5.6,82.820434156,105600,0.396,0.93,0.918,2.76,"High"
"yes",-0.452330363262509,"Biden",18.585625094,3.7491317977,3.5559406878,14.098319841,27.9,597.78332448,4.880723022,25.597053702,3.4580572004,44,10.058587031,14.4,84.127336734,72975,0.322,0.82,0.835,2.9,"High"
"yes",-0.0562782556133435,"Biden",14.889810925,3.8118354069,4.4939585258,20.399437954,21.3,304.98581425,4.3945613311,22.895655547,3.7723982291,52,4.2438765474,15.1,79.213566097,70688,0.32,0.919,0.85,2.36,"High"
"yes",0.149537596054646,"Trump",16.793000469,3.8552334421,4.2131444964,18.595014438,25.5,597.89466553,5.4440554687,21.548034662,3.861568287,46,5.3072083318,13.9,80.980921851,86624,0.339,0.887,0.817,2.82,"High"
"yes",-0.017397202880913,"Biden",16.244030413,3.6303482483,3.8539920681,14.500217236,24,121.34989065,5.2859675206,12.506478184,3.5635834241,54,5.3490895402,21.6,83.210665076,99831,0.411,0.882,0.822,3.17,"High"
"no",0.116841472376244,"Trump",19.315186562,4.5137269643,4.5816565624,21.640592714,28.4,145.99568116,4.946238159,21.509537033,5.5250150136,54,5.5104386375,27.1,78.910951624,51742,0.414,0.94,0.893,2.38,"High"
"yes",-0.0540198258640835,"Biden",13.035191465,3.643902339,3.9831606526,17.683177618,18.2,102.61570308,3.9279935063,15.433403805,3.3819634223,56,4.068665403,7.2,81.279930141,89071,0.321,0.907,0.838,2.77,"High"
"yes",-0.156683505733301,"Biden",16.22309867,3.7309526184,4.3084013261,17.217160251,21.4,429.4926941,4.6392890552,27.439517942,3.8433208818,55,4.7702844098,19.6,79.090417844,64960,0.224,0.897,0.75,2.38,"High"
"yes",0.29013367281986,"Trump",16.460529958,4.221350771,4.3691309485,22.419888717,25.5,89.526946012,4.3294094253,25.045570543,4.6662567466,52,5.2458448753,16.6,80.832733783,58927,0.235,0.904,0.788,2.42,"Medium"
"no",0.175916444808519,"Trump",16.937111251,4.072730495,4.4972950543,21.707875937,26.3,71.09458314,4.6600163848,15.335463259,4.6505875077,51,5.0972261939,22.3,78.758302215,52215,0.211,0.848,0.796,2.31,"High"
"no",0.0905310300703774,"Trump",18.676973493,4.2381528528,4.5509646229,23.69546927,29.9,201.35665834,4.1128569697,15.722713864,3.8247956573,56,5.5627987831,19.4,77.902720596,51064,0.238,0.887,0.8,2.32,"Medium"
"no",0.296331586469747,"Trump",17.419975259,4.1478829204,4.6657620331,20.81819654,26.1,177.54082927,4.4041450777,20.621279047,4.5813734713,50,5.2202926727,21.8,78.761788755,53167,0.236,0.905,0.782,2.37,"High"
"yes",0.000300696916949283,"Trump",14.194481821,3.5428565248,3.997320131,14.831849246,21.7,124.03918075,4.3418242544,18.456103318,3.7067925309,55,4.9021541715,9.3,80.901138913,105241,0.363,0.906,0.884,2.97,"High"
"no",0.0916673882298612,"Trump",19.774304328,4.5966618187,4.360244151,23.991878712,29.3,261.17121667,4.9102102753,22.655259823,3.9505633918,49,6.1663876063,26.2,78.267982676,58851,0.248,0.867,0.802,2.53,"High"
"yes",0.205917585050311,"Trump",15.359032371,3.9352094582,4.4770761768,21.31714833,25,115.22833404,4.3024430394,18.353997852,4.1477498127,50,4.5626686034,13.8,80.597569481,60699,0.26,0.912,0.833,2.4,"High"
"yes",-0.492467475675085,"Biden",13.450979461,3.5045989427,4.3998154352,16.610546011,14.6,122.75704654,5.5852005782,24.419709515,3.6344482486,54,4.7962648557,14.3,81.00621862,59176,0.535,0.944,0.853,2.25,"High"
"yes",-0.209197290084172,"Biden",15.620532977,4.0321682343,4.4053100965,18.001976094,20.4,173.88207735,4.9649432341,22.796323482,3.7688728732,50,6.0165914501,16.1,80.199086129,64090,0.325,0.907,0.861,2.41,"High"
"yes",0.00157759264897178,"Trump",15.390733065,3.8840557633,4.2022777145,20.8282461,21.7,138.31258645,4.1169712419,23.16845147,4.5720310553,53,4.8672299942,15,79.120888151,63240,0.313,0.919,0.831,2.26,"High"
"yes",0.155519226668562,"Trump",18.201145466,4.241959952,4.5993155561,24.539932752,26,141.08895017,3.9961403241,21.856338509,4.0709999641,50,5.3882080727,17.2,78.730189143,56897,0.205,0.879,0.797,2.43,"High"
"yes",0.195643422641678,"Trump",16.351121255,4.2557086959,4.5880502411,22.831096885,30.6,178.44338254,4.043413674,20.491676545,4.0264628721,51,4.8477767851,15.8,79.026822783,61989,0.226,0.892,0.807,2.42,"High"
"yes",-0.362800299488014,"Biden",13.715787146,3.3173112915,3.6903568728,12.597320177,19.4,220.6061664,6.2650838152,20.878636359,3.762319822,54,5.8051074484,10.1,83.64539298,101741,0.489,0.881,0.862,2.7,"High"
"no",0.454920356719418,"Trump",17.616627894,4.3318842971,4.554449349,22.739390791,26.2,110.99591389,3.8562821735,19.675405743,4.3847553913,50,4.6452788179,12.6,79.182631759,58214,0.177,0.899,0.773,2.37,"Medium"
"yes",0.185870479394449,"Trump",15.718342883,4.0400452689,4.5440641298,18.687168685,28.8,76.047149233,4.3711423821,14.504094631,3.7302725968,54,8.4326995381,26.2,77.654727898,60612,0.252,0.864,0.754,2.66,"Medium"
"no",0.570441001191895,"Trump",26.147770865,5.2961440352,5.1793702062,24.549106075,41.4,379.19826652,5.0357492056,24.437582708,3.879217709,30,18.718346951,31,75.09966001,43821,0.098,0.749,0.604,2.69,"Low"
"no",0.467511885895404,"Trump",29.786710401,5.4454693259,5.1428541584,25.603802663,29.9,321.432754271808,4.2872697278,41.730509238,3.0457933972,36,24.870466321,36.8,72.807363746,38581,0.122,0.672,0.62,2.85,"Low"
"no",0.726805228197986,"Trump",25.03729763,5.152440388,5.085538288,24.946271792,37.5,321.432754271808,5.6518999427,30.292479109,3.5440998792,35,19.422222222,31.1,73.85865167,41807,0.105,0.821,0.664,2.7,"Low"
"yes",0.157556270096463,"Trump",23.607260263,4.6922040688,4.6917173391,21.905769263,26.2,321.432754271808,6.2610531759,41.31097561,4.7291487532,28,17.125900805,39.8,79.571400904,39515,0.129,0.806,0.506,2.2,"Medium"
"no",-0.0129855898306942,"Biden",23.924020325,4.7176007733,4.7991567711,22.64608528,26.1,689.41443407,5.6889219235,45.086567164,4.2391866276,44,16.063285249,29.4,74.920124954,44429,0.233,0.858,0.748,2.51,"Medium"
"no",0.779797750255653,"Trump",21.713530458,4.6980199085,4.9778858134,23.474141639,35.9,194.75777002,4.450546563,16.149068323,2.7454242928,47,21.529963389,19.1,75.903065467,53481,0.134,0.759,0.66,2.78,"Low"
"yes",0.431185886448142,"Trump",19.823362768,4.2526751878,4.4729799597,20.245236506,23.2,497.24463225,3.7325781827,22.763443453,2.817877925,49,17.806665627,13.5,76.357988321,68924,0.19,0.845,0.842,2.99,"Low"
"yes",0.506915821179455,"Trump",19.773752944,4.3183850711,4.5872228485,21.365185705,29.9,467.95743699,4.2770542958,22.745909641,3.2727200776,51,17.256143991,16.1,76.678260084,60254,0.186,0.836,0.798,2.76,"Low"
"no",0.261730652041438,"Trump",26.262934855,5.2562519124,5.0794605736,23.8514354,41.1,361.24888902,4.8677199504,50.375410605,5.5160807779,36,15.736681774,32,73.00461051,35931,0.112,0.835,0.555,2.59,"Low"
"no",0.665116879762366,"Trump",24.589658994,5.1517809626,5.1529763756,25.489514458,28.5,224.23890677,4.9498118742,19.76744186,3.9871554723,40,20.394610817,28.6,74.273758871,42058,0.114,0.79,0.629,2.57,"Low"
"yes",-0.238269649574342,"Biden",22.888508478,4.5852706262,4.6284102311,20.530971451,30.8,500.68215496,6.2015852048,49.939712226,3.8986096383,44,16.029464783,36.4,74.168583866,43066,0.254,0.86,0.752,2.53,"Medium"
"no",0.528556412053259,"Trump",21.165886736,4.5528324171,4.7829571428,21.820170713,34,354.53849563,5.2880575879,40.590264469,5.0320017656,46,14.631029709,25.5,77.644078856,48115,0.187,0.886,0.694,2.71,"Low"
"yes",0.812104787714544,"Trump",24.67292276,5.1813675143,5.4401714601,26.430256019,30.9,198.66648524,4.8587243318,20.148081669,4.0507026729,38,18.934378816,26.9,74.377853836,44680,0.089,0.789,0.661,2.74,"Low"
"yes",0.207013096746937,"Trump",25.065967068,4.9921550884,5.0336286843,23.357974482,27.5,527.20513687,6.3535222439,35.635519443,3.3763222721,39,20.036160421,35.3,74.19200133,39554,0.178,0.851,0.672,2.44,"Medium"
"yes",0.35162877900164,"Trump",15.890238627,3.8137816668,4.0994037686,16.839657442,29.1,258.11051693,4.6795548783,24.528301887,2.9968281746,44,12.74839767,10.4,76.312656637,79296,0.331,0.916,0.872,2.83,"Medium"
"no",0.237254901960784,"Trump",21.526604842,4.6405597279,4.9108262678,20.088308462,20.3,184.83128043,5.1395113732,28.195141273,3.7493158183,50,15.917976542,21.4,77.498207153,48788,0.27,0.873,0.774,2.48,"Low"
"yes",0.0179724796405504,"Trump",25.791404082,5.0922875473,5.0149340294,24.088734316,31.6,619.77068485,5.4,37.32562096,5.0797465589,32,14.039448798,36.3,73.955496175,42632,0.132,0.801,0.723,2.72,"Medium"
"yes",0.435986747090307,"Trump",24.856533101,4.9869834458,4.9998333059,24.36151339,26.6,305.01461084,4.3957421038,30.66477503,3.3528918692,45,16.370287001,21,74.309823615,47410,0.122,0.806,0.695,2.56,"Low"
"no",-0.154686078252957,"Biden",31.027673043,5.4524068829,5.0048371447,27.294708488,40.2,1499.4326471,4.8220315717,34.28317008,3.6274070757,29,18.064338741,39,77.676042169,34960,0.091,0.729,0.632,2.56,"Medium"
"no",0.307438993498269,"Trump",17.745875719,3.9399981986,4.1606220888,19.193385696,28.8,319.79797265,4.1894805745,33.606621379,3.622598112,44,14.220018034,20.3,78.174079556,58552,0.239,0.913,0.843,2.66,"Low"
"no",0.42067253441661,"Trump",28.072936954,5.3986784499,5.1707380648,25.61163393,28.1,321.432754271808,5.9161994242,38.981173865,2.9740447008,33,22.039243167,34.3,74.541270046,41665,0.13,0.773,0.634,2.63,"Medium"
"yes",0.3899250991335,"Trump",21.034275953,4.4443775645,4.7722087407,20.768737893,35,311.38322472,4.3179941003,28.053230307,3.4142365513,45,15.20123776,21.8,75.252495412,59193,0.211,0.846,0.818,2.71,"Low"
"yes",0.559475961095941,"Trump",16.846445019,3.913473152,4.3918721526,19.180987652,26.5,260.12915715,4.0446650124,19.275381207,2.9805770206,50,13.938432129,15.2,78.325077641,60753,0.214,0.875,0.829,2.67,"Low"
"no",0.506567425569177,"Trump",25.76476604,5.0726200232,4.9154703937,24.840063538,34.2,189.43699326,4.4793082491,27.720820189,3.7826541275,39,18.389092576,38.2,76.676296918,42891,0.088,0.741,0.652,3.22,"Low"
"yes",-0.187507495802351,"Biden",19.233718798,3.8819219003,4.3463598438,17.371416158,23.5,448.04038988,4.7313470735,41.48626347,3.2973642567,48,16.494590444,21.6,78.190745182,57122,0.336,0.899,0.852,2.55,"Medium"
"yes",0.134639696586599,"Trump",20.128276312,4.2443054865,4.303214506,18.930494206,27.7,321.432754271808,4.2164460796,27.260579065,4.5568352529,33,10.437532947,23.5,79.029034433,46106,0.295,0.943,0.781,2.79,"Low"
"no",0.617910447761194,"Trump",25.470732737,5.2502755629,5.3032336147,25.676546729,23.8,136.2176229,4.3862663686,23.547400612,4.967497817,44,17.552857442,22.8,73.548461589,41561,0.089,0.738,0.697,2.49,"Low"
"yes",0.392265994544764,"Trump",13.946277151,3.4514198119,3.9416240072,15.308578318,21.1,93.205610294,3.9328851842,14.620263457,2.721368931,51,14.063848933,8.3,80.281473967,88635,0.382,0.921,0.923,2.79,"Medium"
"yes",-0.420772796322985,"Biden",21.310467602,4.4728410143,4.9091423627,18.513664294,21.7,404.78640757,6.2249948014,36.949245793,3.5518478408,53,18.200105463,27.3,79.005081332,41036,0.44,0.88,0.824,2.36,"Medium"
"no",-0.107317073170732,"Biden",31.828632646,5.7979246245,5.5119543345,27.107171385,42.8,200,5.1266586248,60.892857143,6.9318181818,35,16.789035732,41.9,75.540071402,24732,0.125,0.8,0.666,2.33,"High"
"yes",-0.709115997507344,"Biden",25.098092315,4.6066998503,4.5235945517,18.928142608,31.7,632.28407094,3.9056370868,45.062000378,4.2207320967,43,18.547576337,24.4,76.622749023,50737,0.195,0.848,0.802,2.95,"Medium"
"no",0.475707794477455,"Trump",30.911676757,5.9437103756,5.7419783153,28.028505422,22.1,473.45036055,10.496364211,51.972157773,3.9186134137,33,17.923316823,30.6,72.562091614,42928,0.1,0.692,0.469,2.51,"Medium"
"yes",-0.14327403689857,"Biden",14.250915701,3.28207782,3.9612516518,13.797273197,21.2,265.50774296,4.2691841281,24.329249941,2.9576613425,52,14.225309941,11.7,80.684108088,79622,0.474,0.921,0.916,2.64,"High"
"no",0.398777441829894,"Trump",24.732592161,4.8984292701,4.9466326861,23.228385022,35.3,325.45888323,4.7268765728,30.328878779,3.8740791775,37,19.535852425,28.3,74.529472074,41675,0.13,0.757,0.662,2.71,"Low"
"no",0.471652368519209,"Trump",27.460955679,5.0981723854,4.7532480548,23.482308007,36.1,321.432754271808,5.2825761358,33.61048123,3.157599289,36,23.807480896,31.9,74.36854576,41899,0.128,0.747,0.72,2.88,"Medium"
"yes",0.257908780639156,"Trump",14.666863397,3.4511029929,3.8449437344,15.938055991,27,51.627486753,3.4741853422,15.2265625,3.0265924881,47,10.16089072,7.4,80.475498238,88285,0.364,0.927,0.84,3.18,"Medium"
"no",0.403837953091684,"Trump",23.807982766,4.8492544472,4.8362790103,23.577842447,39.5,301.80776693,5.364049909,30.937215651,3.3800701052,41,18.664298401,32.2,74.493338588,40670,0.135,0.791,0.644,2.74,"Medium"
"yes",0.355356189533718,"Trump",16.596168257,3.8804573926,3.9856484627,16.937902423,29.2,231.98486834,4.0582693324,24.560908912,2.9278494249,47,13.858821279,12,78.94401769,79232,0.303,0.892,0.855,2.74,"Medium"
"yes",0.460996394624713,"Trump",22.36017633,4.7015209824,4.8640702062,23.217966402,41,153.15275894,5.9694283293,33.320639756,3.5860838537,44,17.694722982,24.2,75.508586522,50411,0.105,0.831,0.724,2.7,"Low"
"no",0.249346445910619,"Trump",27.719305696,5.497349594,5.1628952963,25.296731372,36.9,288.19692734,6.0405898331,56.733576642,3.9011979222,41,16.47954866,43.9,75.172800596,40482,0.141,0.828,0.606,2.6,"Medium"
"yes",0.646354587032553,"Trump",19.970749388,4.4331950188,4.8883195532,21.825729245,31.1,333.24161546,4.0852534562,22.804163956,3.2647094652,42,15.90309822,17.3,76.367404424,45986,0.152,0.807,0.753,2.4,"Low"
"yes",0.678564765872769,"Trump",15.34035254,3.7267073482,4.0383979506,17.10031135,23.8,97.083189506,4.0103914203,16.780409474,2.8327922078,51,15.948405159,12,77.104648376,69155,0.306,0.872,0.852,2.7,"Low"
"no",0.169720430107527,"Trump",25.182471073,5.0015400514,4.734432183,22.656817591,29.1,678.61171206,5.0460094473,42.261538462,3.8041594454,35,18.38001801,35.6,74.266507804,40473,0.138,0.825,0.554,2.53,"Medium"
"yes",-0.673736196749257,"Biden",17.515990052,3.6760564894,4.1219397186,15.718021828,20.4,644.47770595,4.8761630731,35.527998761,3.4190217201,47,17.089752415,18.5,80.402244505,63606,0.442,0.893,0.85,2.61,"Medium"
"no",0.454838309998761,"Trump",24.27194558,5.0359462878,4.8138363281,23.231700174,25.4,377.39698082,5.2284044715,37.860488045,5.380595961,43,15.214082456,28.3,76.342468033,41118,0.143,0.856,0.606,2.46,"Low"
"no",0.0604141291108404,"Trump",26.017111473,4.8940381934,4.7326601376,24.183565859,30.9,155.11025405,5.3745896657,33.949856145,3.7665154802,37,17.281748244,41.5,79.516503427,37109,0.121,0.777,0.592,2.47,"Low"
"yes",-0.400345736390172,"Biden",26.578321125,5.0277498839,5.024860504,22.424063549,35.1,940.76351189,5.4233641658,54.647913562,4.7433923866,41,16.70096316,39.5,74.441725155,36894,0.214,0.834,0.734,2.51,"Medium"
"yes",-0.251208288715886,"Biden",18.993225668,3.7942604668,4.0907123218,17.829695011,25,306.02552474,4.0468982104,32.142474271,3.5196743926,45,14.934175302,16.6,77.839585406,62915,0.282,0.878,0.803,2.89,"Medium"
"no",0.0501156515034695,"Trump",27.234993374,5.2767402021,4.9509994259,23.924941661,28.1,776.9145394,5.7086107578,52.574525745,3.9112534309,33,13.911965282,40.8,73.039393215,40011,0.151,0.804,0.491,2.5,"Medium"
"yes",0.755725190839695,"Trump",26.214964641,5.0600037135,4.8729379008,23.170767169,27.3,86.270643333,5.2945021425,17.707150965,2.776322682,41,25.102639296,31,83.581382765,40408,0.097,0.742,0.474,2.55,"Low"
"yes",0.49548636406829,"Trump",16.758498712,3.8555372899,4.426561676,19.674660728,31.7,118.39756843,3.8571105146,19.024269133,2.8780472013,42,13.544278316,11.9,76.488185614,71628,0.2,0.883,0.807,2.84,"Low"
"no",0.364954748664268,"Trump",24.354851746,4.94714179,5.0238052574,23.148546288,39.2,358.8115336,4.9501918079,35.903556935,3.9958213633,33,18.006886773,29.5,75.09341708,40962,0.116,0.784,0.6,2.5,"Medium"
"no",0.385796948974224,"Trump",26.69444374,5.2871130758,5.1956378634,25.212711388,28.9,371.15828543,5.3194177969,42.283072546,5.3095209364,35,15.88211913,30.6,72.374631486,38529,0.13,0.786,0.693,2.58,"Low"
"no",0.368259948198729,"Trump",26.874136727,5.2167756628,5.0573393217,23.841691884,25.5,160.33427267,6.0353661933,41.68743325,3.3730974907,45,17.782773308,36,75.961909902,41425,0.158,0.762,0.691,2.53,"Medium"
"no",0.646440837766853,"Trump",18.089799267,4.3654290964,4.6016334707,20.296271589,30.4,124.32914068,4.2289178846,24.068835455,3.3009034051,48,19.233103448,22.7,77.484900578,47980,0.218,0.866,0.832,2.42,"Medium"
"yes",0.0679778870461428,"Trump",12.638650316,3.0824544746,3.6119178553,12.728475424,20.2,73.496386428,4.0469756223,17.065445526,2.9818056394,52,10.7960508,7.1,81.147419707,94563,0.462,0.953,0.901,2.77,"High"
"yes",0.41094796932827,"Trump",21.970937582,4.6203384206,4.8274773688,21.161593726,32.8,338.34352002,4.7172374483,28.860310421,3.8261145343,50,17.191977077,24.1,75.155579137,50520,0.209,0.824,0.778,2.61,"Medium"
"yes",0.331874318503453,"Trump",11.953622443,3.0114374116,3.5013056138,12.228497821,17.1,55.320108741,3.9241131843,10.400075545,2.7351813624,53,10.684941898,5.1,82.311960582,113332,0.531,0.93,0.938,2.97,"Medium"
"no",0.69447282861124,"Trump",23.038643901,4.9446064675,4.9601364556,23.869852333,26.5,145.43482548,5.197941966,30.84807074,3.5204184269,52,19.153824601,25.7,73.855534844,47691,0.159,0.823,0.68,2.62,"Low"
"yes",-0.463869303656695,"Biden",14.798447711,3.2872388966,3.7119718744,13.287735617,20.6,763.18918796,5.9484575153,36.552436669,3.4740750583,50,13.674451238,21.8,79.624634916,79235,0.529,0.926,0.856,2.44,"High"
"no",0.635219364599092,"Trump",19.996144757,4.3933044605,4.5993434486,21.360131722,32.1,270.85404738,4.4122503575,29.872096937,3.5157238007,48,24.672603457,25.7,76.934230132,57007,0.204,0.817,0.768,2.51,"Medium"
"no",0.796805111821086,"Trump",23.74100551,5.0563125856,5.2156410863,25.153593864,22.6,90.760573607,5.0596199663,48.755490483,3.6949685535,40,14.596145961,20.8,74.227802239,49350,0.116,0.782,0.656,2.63,"Low"
"yes",0.231851957702201,"Trump",18.039118696,4.0192178032,4.387415423,18.563161232,30.2,479.35701285,5.2278018408,34.303702109,3.3193544288,46,17.643351291,25.9,77.437436268,58017,0.299,0.881,0.779,2.43,"Medium"
"no",0.625015603545125,"Trump",22.961889195,4.7560406988,4.831813481,22.665294024,34.4,273.87728157,4.4323224301,27.57345095,3.3993422934,49,20.643609521,16.2,75.718635888,53373,0.147,0.779,0.723,2.75,"Low"
"no",0.318950219482582,"Trump",24.367990057,4.9161794126,4.9842132319,22.959662466,36.7,193.56877617,5.3789911536,29.127320091,3.4070245957,42,20.798383022,29.1,76.32448775,42603,0.139,0.801,0.703,2.7,"Medium"
"no",0.264941302027748,"Trump",22.054498939,4.4860877691,4.659764454,20.395860981,36.1,252.28255646,5.9161611139,45.631067961,3.8516405136,52,19.729379355,27.6,78.34861511,60973,0.269,0.853,0.715,2.4,"Medium"
"yes",-0.182584059339698,"Biden",16.665818714,3.5947282001,3.669155139,13.704543539,25.3,221.31215355,3.920193144,21.36027001,3.0081084945,48,18.061413441,13.1,81.221645461,72225,0.369,0.877,0.886,3.1,"Medium"
"no",0.639958886006559,"Trump",21.135184896,4.6416399418,4.7431514408,21.175832466,25.3,181.4529934,4.6901296508,18.150924538,3.4506266716,47,20.022660585,20,77.639270142,51296,0.193,0.796,0.71,2.8,"Medium"
"yes",0.432419894628715,"Trump",20.564977813,4.1309565209,4.2323891011,17.382023186,25,315.91284842,4.2323118204,22.602861022,2.7816697857,50,20.899820602,21.8,79.469913098,66698,0.245,0.791,0.858,3.06,"Medium"
"no",-0.438718998314471,"Biden",31.11028534,5.3833617756,4.9472712051,26.625823508,23.8,334.12887828,4.7369094866,73.894557823,5.5169595423,35,13.748553799,43.5,75.681611131,31715,0.086,0.742,0.477,2.03,"Medium"
"yes",0.739786606766812,"Trump",20.471623706,4.6771786095,4.9974482363,22.950353227,26.3,639.87446604,5.3283566397,26.58623137,3.312893207,37,15.712074303,20.2,74.381829679,49020,0.148,0.812,0.769,2.56,"Low"
"yes",0.443299484768146,"Trump",14.346758646,3.4472556607,4.0070572207,15.727186391,20,123.70378289,4.3022915499,18.167159366,3.0632470419,44,11.877160138,10.5,79.361516044,74052,0.314,0.922,0.832,2.76,"Medium"
"no",0.495600251414205,"Trump",23.077362692,4.7855396793,4.9980232807,23.53561545,26,347.00631832,4.712732337,20.302457467,3.5388834823,53,17.784522003,21.2,78.359466719,50647,0.157,0.815,0.701,2.52,"Low"
"yes",0.685020393029292,"Trump",21.461037636,4.6996989483,5.0069942887,23.214433829,28.6,195.76282246,4.1934580816,24.418604651,3.3346036585,42,14.931379631,24.7,75.793059804,48984,0.087,0.797,0.715,2.57,"Low"
"yes",-0.204751296769053,"Biden",17.491626623,3.8626934518,3.9167054054,16.938898335,24.8,175.8040961,3.5135197397,29.442057158,3.5378154898,45,13.695557663,12.8,77.564353779,72927,0.285,0.912,0.884,2.95,"Medium"
"yes",0.124281781982415,"Trump",18.779018724,3.9586076022,4.4103500427,18.19079475,26.9,361.57675303,4.4153151775,29.893763025,3.3264624351,39,12.003875825,16,77.334149502,65641,0.283,0.916,0.836,2.66,"Medium"
"no",0.510076775431862,"Trump",25.547558428,5.1753785733,5.0505035246,24.685399546,31.2,258.30059732,5.0963290461,32.115009747,4.6875,41,14.866262746,29.2,73.43718528,42317,0.151,0.815,0.62,2.75,"Low"
"no",0.580225613802256,"Trump",17.314298536,4.0444504143,4.6879420089,19.625012774,31.9,222.39244854,4.1471323452,18.659010498,2.6507475765,52,15.464432638,12.3,77.314428608,66645,0.227,0.841,0.793,2.89,"Medium"
"yes",0.531266352694924,"Trump",23.881017311,5.0195341889,5.1581660868,24.44713619,27.9,411.58971433,4.129708845,28.324591176,3.0696065716,50,19.536510713,19.8,76.421863242,59207,0.142,0.828,0.733,2.67,"Low"
"no",0.635418471668688,"Trump",26.041381022,5.261455532,5.1887969828,24.937921481,29.9,347.83772033,4.6520824032,40.249376559,4.6108081309,37,19.561007101,32.4,74.060988604,40603,0.103,0.793,0.613,2.82,"Low"
"no",-0.0682026443251735,"Biden",27.035201826,5.2276810353,5.1602890071,23.994520841,29.8,508.22692332,5.6376657017,54.321322135,4.7474132684,26,18.219427437,35.6,72.804868911,35379,0.099,0.764,0.603,2.66,"Medium"
"no",0.25904486251809,"Trump",28.13417819,5.3886386257,5.0234846308,25.445054777,22.3,321.432754271808,4.8055231427,49.745934959,5.0906776965,28,17.48496994,37,74.684862898,32808,0.079,0.793,0.573,2.53,"Low"
"no",0.397073170731707,"Trump",25.391411257,5.0803426855,4.9782065383,24.94028046,38.4,373.6521832,5.7479540609,35.2180937,3.6422200198,41,15.852885225,31.6,75.413986242,37771,0.091,0.751,0.6,2.68,"Low"
"yes",0.338690237042989,"Trump",20.001971719,4.4255346031,4.7082504367,20.352924955,30.1,98.922451864,4.3073517924,33.916031675,3.1688084112,50,14.023843097,17,78.33093768,56819,0.196,0.891,0.79,2.65,"Medium"
"yes",0.410281923714759,"Trump",21.393558047,4.4995687618,4.7744011798,21.892154761,29.3,495.52339659,5.5509764139,31.347150259,3.8629737609,47,15.169235003,21.4,74.710125004,57402,0.158,0.87,0.71,2.69,"Low"
"yes",0.416666666666667,"Trump",22.959395001,4.6679301816,4.8384164978,22.733664775,38.9,383.38045718,7.182614671,28.314864348,3.9220917823,32,15.650145773,28.6,75.758657741,42667,0.165,0.8,0.568,2.71,"Low"
"no",0.282389688091153,"Trump",24.525154601,4.954550097,5.1037090413,24.032168203,37.3,358.92015678,5.8316990055,42.75102459,4.5606519695,44,15.786559806,31.4,74.111769032,42018,0.162,0.859,0.602,2.71,"Medium"
"yes",0.445674285030513,"Trump",17.067101898,3.8179910182,4.2694726523,17.75996039,22,174.70099253,3.4767878427,20.496417605,3.0508935245,44,11.729103208,13.5,75.970301437,72425,0.254,0.909,0.84,2.78,"Medium"
"yes",-0.240487987286155,"Biden",22.180102351,4.5776043338,4.5459232683,19.311280302,35.3,478.32962261,3.4618742724,34.628075253,3.7438687922,32,13.088907198,21.7,76.083875208,51410,0.183,0.907,0.87,2.53,"Low"
"yes",0.375134669252316,"Trump",21.738256195,4.6233347538,4.7955442468,22.237296574,29.9,417.64552336,5.9997255951,38.420703384,3.85481148,47,16.79312089,26.4,78.140732436,45299,0.159,0.821,0.532,2.23,"Medium"
"yes",0.263744033940251,"Trump",22.483232893,4.5738695259,4.7623994094,21.401952239,31,95.47611693,3.9234565836,28.408875403,3.6377043136,31,17.77551753,21.7,82.125858911,52051,0.174,0.877,0.808,3.26,"Low"
"yes",0.120289073454859,"Trump",21.890837413,4.417082336,4.7555518458,19.954685841,30.1,279.97415623,6.1633605601,35.527316172,3.5248143806,38,17.49011132,28.6,76.154317589,46450,0.253,0.866,0.661,2.69,"Low"
"no",0.581868521022471,"Trump",19.359068096,4.4070750644,4.8496753636,21.007896086,29,41.419081452,4.5075594939,17.717666948,3.1042526467,49,18.860977007,17.2,77.595977549,57078,0.264,0.848,0.813,2.67,"Low"
"yes",0.191391678622669,"Trump",25.120363936,5.0798699936,5.1394171368,23.416098939,36,154.1086466,5.0324278541,59.478935698,5.0835969272,51,14.578417266,29.4,73.347399744,44473,0.088,0.736,0.593,2.4,"Medium"
"yes",0.209677419354839,"Trump",21.267859309,4.5300314293,4.7480681241,21.248615183,29.3,138.41362605,5.1747991913,22.02606137,3.5511593968,43,17.853696198,31.5,81.442449996,46682,0.185,0.832,0.737,2.7,"Medium"
"no",-0.230538280077204,"Biden",29.647675326,5.3616676242,5.0380077581,25.248761348,42.6,310.55900621,5.2397848599,52.466718872,4.623907948,37,19.561304837,41,73.192431285,34634,0.134,0.778,0.559,2.45,"Medium"
"yes",0.529892213965321,"Trump",20.521357825,4.5173500772,4.7343215062,22.037324767,29.7,191.18389727,4.3780812201,30.80936056,3.0492395724,49,18.679602072,25.1,76.419005,52326,0.14,0.834,0.648,2.59,"Medium"
"yes",0.265655172413793,"Trump",24.071911381,4.7797909763,4.8713514481,22.915645328,33.6,57.10370032,4.2022638316,29.763866008,4.2360060514,40,16.557501904,32.4,76.563526112,41190,0.176,0.852,0.723,2.33,"Low"
"yes",0.205663326284821,"Trump",24.744326607,5.0647391289,5.0952622105,23.333733543,38.3,321.27913927,5.0231329338,44.054409829,4.5000561104,42,17.415388361,31.1,74.075406232,43571,0.104,0.797,0.6,2.58,"Medium"
"no",0.465067043048694,"Trump",22.328720923,4.7081111752,4.9338434555,22.528790134,30.2,188.21113868,5.2675043761,35.249621785,3.2739177883,35,16.80865761,31.3,71.28716421,41769,0.14,0.826,0.48,2.4,"Medium"
"no",0.105110466413747,"Trump",27.314467524,5.1889940518,5.1472376999,24.656962941,30.5,262.40298873,4.2157643793,45.673453406,4.558910598,38,17.710317704,42.3,73.211792846,37383,0.097,0.772,0.685,2.5,"Medium"
"yes",0.427966645285439,"Trump",18.858672691,4.1999237202,4.5605469209,19.919512558,37.2,178.27932879,6.4516390125,23.092224231,3.2397075798,46,14.286378429,15.6,77.755760379,70488,0.268,0.857,0.776,2.67,"Medium"
"no",0.499117721199899,"Trump",22.372239004,4.6598278282,4.7629865873,22.089320524,31.6,321.432754271808,5.3644901326,29.641519529,5.2534804308,35,18.327402135,27.2,75.791389399,43657,0.16,0.817,0.757,2.66,"Low"
"yes",0.416709379805228,"Trump",17.357975597,3.9306943788,4.3776068193,18.690192177,23,176.13903241,4.3492719819,19.347152728,3.1060606061,46,14.932852275,17.2,78.083585829,67089,0.207,0.877,0.765,2.64,"Medium"
"yes",0.691597894600039,"Trump",23.778461256,5.0501288033,5.0453657643,23.586955155,31.9,447.67980114,3.7629545554,21.52538944,5.0306352789,49,21.326886919,20.8,76.043266793,50061,0.101,0.707,0.775,2.74,"Low"
"yes",-0.240194251931341,"Biden",21.075335761,4.248895845,4.7579067579,19.361257905,27.2,566.92058711,5.3491237988,40.272216113,4.533488192,40,14.463284553,25.4,74.277825204,47035,0.258,0.88,0.784,2.59,"Medium"
"yes",-0.109156617619943,"Biden",21.607550745,4.3593169051,4.5688874816,19.55249975,31.4,396.49067627,4.3657793725,31.250219306,3.8507960228,49,15.957913665,17.5,76.3217472,58222,0.198,0.866,0.855,2.88,"Medium"
"yes",0.335068340750159,"Trump",11.737130678,3.0781802398,3.6843232444,13.333255978,24.1,114.12308386,3.9675158444,17.346737631,2.5422860072,55,11.028515358,6.6,81.367169096,100878,0.523,0.945,0.895,2.82,"High"
"yes",0.387679822943563,"Trump",21.581684195,4.7525091623,4.8412291796,22.054484697,39.4,357.67815779,4.4891029142,24.835427887,3.2183576274,51,20.322847682,18.9,79.060662637,54346,0.171,0.797,0.657,2.62,"Medium"
"yes",0.290751065923254,"Trump",17.191653658,3.9317231418,4.1829829461,17.391660228,25.5,143.32230346,3.4627265654,20.21229024,2.9319335165,46,13.696140494,9.3,78.859805514,76580,0.226,0.894,0.856,2.99,"Low"
"yes",0.0465227435672748,"Trump",22.591158348,4.644280463,4.6439904812,20.713919611,37.2,514.94270092,5.9070944877,34.792465992,4.0842212075,41,16.31713555,27,74.552979952,49815,0.205,0.83,0.742,2.49,"Medium"
"yes",0.657424127686841,"Trump",16.456685208,4.0172658044,4.4777499298,18.909033138,27,226.126595,4.0471757542,18.717586044,2.9795036343,52,15.977353036,17.8,77.518649332,66183,0.231,0.853,0.857,2.62,"Medium"
"no",0.751409306952581,"Trump",21.517534233,4.662973571,4.7589020293,22.536797086,37.7,324.81990832,4.5734079698,30.767630539,3.3800873764,43,17.235537709,23.7,75.237715132,46701,0.126,0.834,0.641,2.71,"Low"
"yes",0.711007462686567,"Trump",17.406716915,4.1231549738,4.5217944603,20.147042018,27.3,93.262491522,3.8914176035,10.598648963,3.0115743342,42,13.947656099,12,76.036872854,74905,0.171,0.882,0.771,2.94,"Low"
"no",0.570820878362842,"Trump",23.261456231,4.9112129212,4.8528561681,22.706947823,32.7,568.9745114,4.5067429709,30.75574421,3.6247219057,47,18.846285519,22.7,73.759376741,47896,0.137,0.788,0.745,2.77,"Low"
"yes",0.388385199705954,"Trump",24.771123954,5.0291245155,5.1557993603,23.415632281,35.4,632.25058005,5.2491582492,36.292428198,3.8499506417,38,15.608572584,27.6,78.985165296,42274,0.132,0.811,0.706,2.62,"Low"
"no",0.408519611978068,"Trump",20.513421311,4.554619518,4.5718597356,20.471785522,27.9,422.47274934,4.1570133964,38.793492996,4.3249847282,49,18.970804711,27.5,79.258942022,62282,0.234,0.876,0.757,2.41,"Medium"
"no",0.096745027124774,"Trump",27.757255669,5.2917770658,5.1590606591,25.169293237,26.6,152.07473387,5.3840334148,54.625550661,5,38,19.315245478,36,70.930587021,35522,0.071,0.647,0.545,2.72,"Low"
"no",0.57378762541806,"Trump",20.5894707,4.5375319628,4.7143773093,21.339974129,23.1,125.9678014,4.3081490779,25.154939847,3.5234899329,46,22.005547617,20.9,78.728468161,46639,0.242,0.848,0.737,2.43,"Medium"
"no",-0.0914415880247315,"Biden",31.233113305,5.7183998674,5.3578744871,26.462819129,23.5,253.48542459,3.4839237771,75.098591549,4.8278591215,29,16.351295763,37.5,75.747509533,33505,0.103,0.745,0.709,2.66,"Medium"
"yes",-0.371674194623545,"Biden",24.531217587,4.9477229831,4.6210428872,21.480454305,28.6,428.73782558,5.1480177281,49.005584192,4.5166598108,39,15.995987139,34.4,74.103561692,44810,0.214,0.841,0.758,2.69,"Medium"
"yes",-0.407846735748976,"Biden",20.647833092,4.1195846137,4.2938593268,17.341954472,32.9,300.47839323,4.0254619834,38.137035378,3.7764519229,47,16.319225928,18.8,77.316196099,60281,0.263,0.888,0.817,2.86,"Medium"
"no",0.588131868131868,"Trump",21.8676921,4.6661692941,4.9492381048,21.79171502,22.5,155.0838422,5.4875749251,30.354267311,3.8636363636,43,15.813953488,23.3,81.084820513,51129,0.133,0.876,0.725,2.8,"Low"
"no",0.189225894069715,"Trump",24.028973092,4.8466032662,4.8683451205,23.620547836,36.3,341.75334324,5.2252410698,43.875127248,5.4048742138,32,16.003700278,33,75.073531192,42331,0.154,0.835,0.711,2.66,"Medium"
"no",0.349022633744856,"Trump",23.031034803,4.7112026151,5.0211832415,22.486048071,23.1,260.62322946,5.3460561543,44.880046811,4.4122489299,33,17.4190461,36.2,74.304827153,38618,0.162,0.86,0.627,2.44,"Medium"
"yes",0.207738903048558,"Trump",23.346670596,4.9047104076,4.801048007,22.161447981,35.9,584.59422283,4.1213216553,40.303693218,3.9930252833,45,17.297164182,29,74.652252957,49237,0.178,0.819,0.695,2.63,"Medium"
"no",0.587379049221708,"Trump",20.217828063,4.5852995557,4.8180176666,21.010821585,30.1,275.95655152,4.8752620009,22.434450425,3.8558727188,49,16.697384807,23.2,73.020052375,45416,0.21,0.821,0.692,2.62,"Medium"
"no",-0.191457286432161,"Biden",34.30301521,5.6770534029,4.8346076526,25.080929485,36.9,22.914757104,5.5560983423,56.957087126,4.1736227045,44,18.060836502,36.4,74.123963896,34566,0.122,0.681,0.616,2.26,"Low"
"no",-0.0478268027658874,"Biden",25.520517337,4.9547890008,4.896717159,22.398843642,29.5,696.18169849,5.3045192992,44.159253318,4.8005675548,45,17.055043064,38.4,73.359142581,40250,0.183,0.814,0.675,2.43,"Medium"
"no",-0.204997160704145,"Biden",25.966467962,4.9781035287,4.9070508516,23.369230721,29.9,89.781260202,4.7836676218,54.503676471,4.4696700958,42,15.87470701,33.1,75.692458286,41045,0.121,0.823,0.56,2.24,"Medium"
"no",-0.216594827586207,"Biden",29.195644189,5.3507534832,5.1329206891,25.608190074,27.3,178.41213202,4.039696439,30.705394191,4.9382716049,36,18.782161235,35.3,76.2923717647341,37046,0.081,0.71,0.491,2.71,"Medium"
"no",0.487721441661576,"Trump",26.158240741,5.1733086533,4.9733972442,24.585921044,37,105.20999916,4.9195230202,38.589051658,3.8284518828,36,19.682632971,33.6,75.891607098,41457,0.132,0.758,0.728,2.31,"Low"
"no",0.268610098906819,"Trump",27.175238955,5.3482712164,5.2700491564,25.332623116,38.5,174.15325486,4.8301371831,37.975460123,4.0338321405,40,16.40262442,32.1,75.106961594,28234,0.126,0.785,0.614,2.3,"Medium"
"no",0.308491001384402,"Trump",30.463208714,5.3673674186,5.0743230447,25.62740207,36.8,191.80642306,4.839883919,37.46257485,9.520331142,39,16.483068135,34,79.40731571,36264,0.086,0.703,0.348,2.74,"Low"
"yes",-0.0842391304347825,"Biden",28.107518128,5.2822842889,5.1147638273,24.441283279,33.1,377.7987666,5.7839497558,51.233958539,5.0427350427,40,16.595419847,39.8,74.214835749,37122,0.112,0.775,0.721,2.47,"Medium"
"no",0.194815288953914,"Trump",22.093634811,4.5873187486,4.5300440277,21.441241335,30,264.48665545,5.0027779207,37.510608204,4.0255009107,49,17.047846219,25,75.267978393,47978,0.247,0.849,0.79,2.49,"Medium"
"no",0.335770010442902,"Trump",23.485545351,4.9076201195,4.7748010574,21.579569036,33.7,564.85355649,4.8207236842,40.185240514,3.3567920612,50,19.73099666,31,74.967784288,47764,0.181,0.819,0.647,2.54,"Medium"
"no",0.452171522814733,"Trump",25.518733689,5.0619233067,4.9753673119,23.563143313,35.7,424.61165177,5.8763377708,36.420964126,4.9420849421,36,18.695612763,29.7,74.544067686,41442,0.162,0.801,0.712,2.65,"Low"
"no",0.60584033086853,"Trump",17.502413238,4.0584704244,4.5266170497,19.261716275,25.4,320.25259359,4.0814466752,27.171646977,4.8291805805,49,17.722280728,19.2,77.986097469,49023,0.301,0.899,0.768,2.2,"Medium"
"no",0.373415664608385,"Trump",24.158100007,4.981387787,4.869485232,23.981128554,30.2,122.16641781,5.566249272,30.034129693,5.2611657835,41,17.427466151,47.8,75.677810906,37478,0.124,0.737,0.639,2.53,"Low"
"no",0.218491030718541,"Trump",21.98647934,4.5029885173,4.7595618591,21.700860365,31.3,332.15234721,5.9088142121,36.813346509,3.1819644006,42,14.270687237,27.3,75.731863485,47296,0.19,0.834,0.731,2.74,"Low"
"no",0.247955684515959,"Trump",25.880324173,5.067108571,4.9642920694,23.878155602,40,1306.9770466,7.9224748416,46.169772257,3.8228735266,49,17.737054472,43,72.825085612,35400,0.117,0.812,0.629,2.39,"Medium"
"yes",0.0733573357335734,"Trump",27.304805838,5.2677021432,5.2292342017,25.522816882,30.3,222.03552568,5.9121880263,43.018159048,5.4204308548,40,17.613910803,30.4,72.354503183,44079,0.118,0.742,0.598,2.68,"Medium"
"no",0.633114796246304,"Trump",17.19403812,4.0171271204,4.5358787355,18.949151133,27.1,165.39786116,4.6009745272,22.979397781,3.1243916683,50,18.829612814,19.4,79.694325856,57049,0.225,0.89,0.753,2.33,"Medium"
"no",0.34118558698179,"Trump",23.617947115,4.9127447316,5.0091498161,23.618760019,32.8,381.16549409,4.8597754967,34.673449294,3.5689045936,43,14.557595993,28.6,72.750472614,40926,0.134,0.823,0.691,2.53,"Medium"
"yes",0.592866389589153,"Trump",20.569156404,4.5681106904,4.8348571558,22.910302473,35.5,555.5718863,4.5328125777,30.608730211,3.5589004401,47,14.753684362,20.1,75.448400928,47548,0.166,0.82,0.775,2.6,"Low"
"yes",0.492357074354608,"Trump",18.316535952,3.9761933759,4.4361141092,19.931783766,32.5,302.26098044,4.2948187879,27.102190739,3.0644845798,49,15.36414227,16.7,76.852982502,67007,0.217,0.869,0.822,2.86,"Medium"
"no",0.404115864402002,"Trump",23.881444844,4.9212272582,4.9286767001,23.186873048,37.1,500.01412469,5.1812662071,39.785586659,3.6579877853,43,15.645457889,41.9,73.704495416,37642,0.152,0.814,0.674,2.39,"Low"
"no",-0.113962264150943,"Biden",28.267419951,5.3097371866,5.0736769948,24.640242909,21.8,277.77777778,5.2572263465,58.529945554,4.5373980858,48,14.974874372,40.3,75.733672579,37313,0.123,0.732,0.465,2.32,"Medium"
"no",-0.0079138968027857,"Biden",26.005802626,4.9819185377,5.0203072923,23.522154508,36.8,264.31718062,5.212164871,49.163802978,4.1494367603,44,15.0016728,29.2,76.542300225,41674,0.123,0.813,0.631,2.46,"Medium"
"no",0.571171453165349,"Trump",23.568395122,4.9164110517,4.9014112387,23.443649424,29.8,591.02051781,4.3428543043,28.375068046,3.9989476454,43,17.457362999,26.6,73.575480621,47382,0.13,0.834,0.737,2.66,"Low"
"no",0.0776419841840402,"Trump",26.121428024,5.1033518854,4.9881564122,24.33218782,20.1,131.2335958,6.7471389646,38.072669826,4.9652432969,48,15.770791075,28.4,80.262534661,41547,0.147,0.793,0.637,2.29,"Medium"
"no",0.391247264770241,"Trump",28.379802425,5.3955081922,4.8396212286,26.530755915,34.5,50.466818067,5.4726666096,37.12797619,7.4534161491,36,16.361038342,33.6,79.290860613,35927,0.136,0.808,0.399,4.14,"Low"
"no",0.662189524838013,"Trump",17.638863405,4.1786995673,4.5745948991,20.017551465,22.7,173.3132903,3.555682816,24.056522488,2.6435509652,49,17.866226407,17.6,79.410090434,54786,0.227,0.852,0.746,2.49,"Low"
"yes",0.407006473372137,"Trump",26.451513412,4.7056618446,4.7080233001,20.50371977,33.3,263.3816444,3.9088274045,26.858943819,4.4233771004,49,22.138456458,17.6,78.119147358,53115,0.157,0.695,0.802,2.88,"Medium"
"no",0.469960353766392,"Trump",24.886554583,4.847473827,4.6941133064,24.100582397,40.6,257.63930497,5.4489913545,39.627179796,4.452690167,37,17.057609308,38.9,77.247019206,38261,0.122,0.821,0.55,2.61,"Low"
"no",0.131809145129225,"Trump",25.915559297,5.0043323552,4.9232682007,23.67061375,29.5,308.07147258,5.0226173198,39.55365622,4.5252419566,43,19.610494996,31.2,75.507877581,39716,0.138,0.837,0.477,2.45,"Medium"
"no",0.123899371069182,"Trump",24.751724691,4.9178635448,4.8891202724,24.09152119,29.5,179.28031758,5.1986585755,40.144927536,3.8140944683,42,14.921392476,29.4,75.010616534,43902,0.109,0.844,0.589,2.8,"Medium"
"yes",0.477652127086699,"Trump",22.594239243,4.7349022184,4.7955373522,23.166143641,33.7,419.12152129,4.3371431374,43.389607542,3.8777115882,40,18.404491609,31.5,74.627370344,43142,0.11,0.829,0.699,2.54,"Medium"
